query,is_retrieval_reliable,suggested_reliability_threshold,top1_score,top1_source_type,top1_article_number,top1_article_title,top1_chunk_id,top1_parent_document_id,top1_backend,latency_sec,context_preview,context_for_llm,best_chunking_strategy,best_embedding_model,best_retriever,best_alpha
كم مدة فترة التجربة في نظام العمل السعودي؟,True,0.7492,0.9552086591720581,legal_article,53.0,المادة الثالثة والخمسون :,STRUCT_000053,b56e9c99f1c551928c8727dae90850186c14efc78d6272f429f0c448add3f3dc,chromadb+bm25+reranker,0.33640599250793457,Rank: 1 | Source type: legal_article | Score: 0.9552 | Chunk ID: STRUCT_000053 | Parent document ID: b56e9c99f1c551928c8727dae90850186c14efc78d6272f429f0c448add3f3dc | Article number: 53.0 | Article title: المادة الثالثة والخمسون : التصنيف القانوني: علاقات العمل الباب: علاقات العمل الفصل: الفصل الأول رقم المادة: الثالثة والخمسون عنوان المادة: المادة الثالثة والخمسون : النص القانوني: الباب الخامس - علاقات العمل | الفصل الأول | المادة 53 المصدر: نظام العمل السعودي الباب الخامس - علاقات العمل الفصل الأول المادة الثالثة والخمسون : رقم المادة: 53 حالة المادة: active النص: إذا كان العامل خاضعاً للتجربة، وجب النص على ذلك صراحة في عقد العمل، وتحديد مدتها بوضوح، على ألا يزيد مجموع المدة في جميع الأحوال على (مائة وثمانين) يوماً. وتبين اللائحة الأحكام المتصلة بذلك بما في ذلك ما يتعلق بالإجازات التي ل...,"Rank: 1 | Source type: legal_article | Score: 0.9552 | Chunk ID: STRUCT_000053 | Parent document ID: b56e9c99f1c551928c8727dae90850186c14efc78d6272f429f0c448add3f3dc | Article number: 53.0 | Article title: المادة الثالثة والخمسون :
التصنيف القانوني: علاقات العمل
الباب: علاقات العمل
الفصل: الفصل الأول
رقم المادة: الثالثة والخمسون
عنوان المادة: المادة الثالثة والخمسون :
النص القانوني:
الباب الخامس - علاقات العمل | الفصل الأول | المادة 53 المصدر: نظام العمل السعودي الباب الخامس - علاقات العمل الفصل الأول المادة الثالثة والخمسون : رقم المادة: 53 حالة المادة: active النص: إذا كان العامل خاضعاً للتجربة، وجب النص على ذلك صراحة في عقد العمل، وتحديد مدتها بوضوح، على ألا يزيد مجموع المدة في جميع الأحوال على (مائة وثمانين) يوماً. وتبين اللائحة الأحكام المتصلة بذلك بما في ذلك ما يتعلق بالإجازات التي لا تدخل في حساب المدة. ولكل من الطرفين الحق في إنهاء العقد خلال هذه المدة.

---

Rank: 2 | Source type: legal_article | Score: 0.9304 | Chunk ID: STRUCT_000054 | Parent document ID: ab8af4e6ecab46b0bf5b588cc55664b9d0a008dc9073912d3417c1f04d083142 | Article number: 54.0 | Article title: المادة الرابعة والخمسون:
التصنيف القانوني: علاقات العمل
الباب: علاقات العمل
الفصل: الفصل الأول
رقم المادة: الرابعة والخمسون
عنوان المادة: المادة الرابعة والخمسون:
النص القانوني:
الباب الخامس - علاقات العمل | الفصل الأول | المادة 54 المصدر: نظام العمل السعودي الباب الخامس - علاقات العمل الفصل الأول المادة الرابعة والخمسون: رقم المادة: 54 حالة المادة: active النص: لا يجوز وضع العامل تحت التجربة أكثر من مرة واحدة لدى صاحب عمل واحد . واستثناء من ذلك يجوز باتفاق طرفي العقد - كتابة - إخضاع العامل لفترة تجربة أخرى بشرط أن تكون في مهنة أخرى أو عمل آخر ، أو أن يكون قد مضى على انتهاء علاقة العامل بصاحب العمل مدة لا تقل عن ستة أشهر . وإذا أنهي العقد خلال فترة التجربة فإن أيًّا من الطرفين لا يستحق تعويضاً ، كما لا يستحق العامل مكافأة نهاية الخدمة عن ذلك .

---

Rank: 3 | Source type: faq | Score: 0.8300 | Chunk ID: STRUCT_000325 | Parent document ID: 4793db46dc99343073200c5fb5e6966468d84b96930f7e09fc7a759044001693 | Article number: nan | Article title: nan
التصنيف: أعمال | العمالة المنزلية | عامل | كبار السن | قطاع العمل | مركز الرياض للسياسات السلوكية
القطاع: قطاع العمل
الموقع الفرعي: مركز الرياض للسياسات السلوكية
السؤال: ماهي اشتراطات فترة التجربة؟
النص المسترجع:
المصدر: HRSD FAQ التصنيف: أعمال | العمالة المنزلية | عامل | كبار السن | قطاع العمل | مركز الرياض للسياسات السلوكية السؤال: ماهي اشتراطات فترة التجربة؟ الإجابة: إذا كان العامل خاضعاً لفترة تجربة، وجب النص على ذلك صراحة في عقد العمل، وتحديدها بوضوح، بحيث لا تزيد على تسعين يوماً. ويجوز باتفاق مكتوب بين العامل وصاحب العمل تمديد فترة التجربة، على ألا تزيد على مائة وثمانين يوماً. لا يجوز وضع العامل تحت التجربة أكثر من مرة واحدة لدى صاحب عمل واحد. واستثناء من ذلك يجوز باتفاق طرفي العقد - كتابة - إخضاع العامل لفترة تجربة أخرى بشرط: أن تكون في مهنة أخرى عمل آخر أن يكون قد مضى على انتهاء علاقة العامل بصاحب العمل مدة لا تقل عن ستة أشهر. لا تدخل في حساب فترة التجربة إجازة عيدي الفطر والأضحى والإجازة المرضية. إذا أنهي العقد خلال فترة التجربة فإن أيًّا من الطرفين لا يستحق تعويضاً، كما لا يستحق العامل مكافأة نهاية الخدمة عن ذلك.

---

Rank: 4 | Source type: faq | Score: 0.0681 | Chunk ID: STRUCT_000304 | Parent document ID: 5c6005e9608288e59a35340db795825073076a74dffc336c240a633e0420dcb1 | Article number: nan | Article title: nan
التصنيف: أعمال | العمالة المنزلية | عامل | كبار السن | قطاع العمل | مركز الرياض للسياسات السلوكية
القطاع: قطاع العمل
الموقع الفرعي: مركز الرياض للسياسات السلوكية
السؤال: مدة عمل عقد العامل السعودي
النص المسترجع:
المصدر: HRSD FAQ التصنيف: أعمال | العمالة المنزلية | عامل | كبار السن | قطاع العمل | مركز الرياض للسياسات السلوكية السؤال: مدة عمل عقد العامل السعودي الإجابة: ينتهي عقد العمل المحدد المدة بانقضاء مدته، فإذا استمر طرفاه في تنفيذ عُدَّ العقدُ مجدداً لمدة غير محددة. مع مراعاة ما نصت عليه المادة (السابعة والثلاثون) من هذا النظام بالنسبة إلى غير السعوديين. إذا تضمن العقد المحدد المدة شرطاً يقضي بتجديده لمدة مماثلة أو لمدة محددة، فإنه يتجدد للمدة المتفق عليها. فإن تعدد التجديد ثلاث مرات متتالية، أو بلغت مدة العقد الأصلي مع مدة التجديد أربع سنوات أيهما أقل واستمر الطرفان في تنفيذه؛ تحوّل العقد إلى عقد غير محدد المدة.

---

Rank: 5 | Source type: legal_article | Score: 0.0490 | Chunk ID: STRUCT_000002 | Parent document ID: 4f2961046b5fffdc637e2b7de4dfb1fd862ccc7b9f3069349681b04ff17df638 | Article number: 2.0 | Article title: المادة الثانية :
التصنيف القانوني: التعريفات / الأحكام العامة
الباب: التعريفات / الأحكام العامة
الفصل: الفصل الأول
رقم المادة: الثانية
عنوان المادة: المادة الثانية :
النص القانوني:
الباب الأول - التعريفات / الأحكام العامة | الفصل الأول | المادة 2 المصدر: نظام العمل السعودي الباب الأول - التعريفات / الأحكام العامة الفصل الأول المادة الثانية : رقم المادة: 2 حالة المادة: active النص: يقصد بالألفاظ والعبارات الآتية – أينما وردت في هذا النظام – المعاني المبينة أمامها ما لم يقتض السياق خلاف ذلك: -الوزارة: وزارة الموارد البشرية والتنمية الاجتماعية. -الوزير: وزير الموارد البشرية والتنمية الاجتماعية. -مكتب العمل: الجهة الإدارية المنوط بها شؤون العمل في النطاق المكاني الذي يحدد بقرار من الوزير. -صاحب العمل: كل شخص طبيعي أو اعتباري يشغّل عاملاً أو أكثر مقابل أجر. -العامل: كل شخص طبيعي –ذكراً أو أنثى- يعمل لمصلحة صاحب عمل وتحت إدارته أو إشرافه مقابل أجر، ولو كان بعيداً عن نظارته. -الحدث: الشخص الذي أتم الخامسة عشرة من عمره ولم يبلغ الثامنة عشرة. -العمل: الجهد المبذول في النشاطات الإنسانية كافة، تنفيذاً لعقد عمل (مكتوب أو غير مكتوب) بصرف النظر عن طبيعتها أو نوعها، صناعية كانت أو تجارية، أو زراعية أو فنية، أو غيرها، عضلية كانت أو ذهنية. -العمل الأصلي: بالنسبة للأفراد: موضوع نشاطهم المعتاد، وبالنسبة للمنشآت: الأعمال التي أنشئت المنشأة من أجل القيام بها والمنصوص عليها في عقد تأسيسها أو في عقد الامتياز – إن كانت من شركات الامتياز – أو في السجل التجاري. -العمل المؤقت: العمل الذي يدخل بطبيعته فيما يزاوله صاحب العمل من نشاط وتقتضي طبيعة إنجازه مدة محددة، أو ينصب على عمل بذاته وينتهي بانتهائه، ولا يتجاوز في الحالتين تسعين يوماً. -العمل العرضي: العمل الذي لا يدخل بطبيعته فيما يزاوله صاحب العمل في نشاطه المعتاد، ولا يستغرق تنفيذه أكثر من تسعين يوماً. -العمل الموسمي: العمل الذي يتم في مواسم دورية متعارف عليها. -العمل لبعض الوقت: العمل الذي يؤديه عامل غير متفرغ لدى صاحب عمل ولساعات عمل تقل عن نصف ساعات العمل اليومية المعتادة لدى المنشأة، سواء كان هذا العامل يؤدي ساعات عمله يومياً أو بعض أيام الأسبوع. -الخدمة المستمرة: خدمة العامل غير المنقطعة مع صاحب العمل نفسه أو خلفه النظامي، من تاريخ ابتداء الخدمة. وتعد الخدمة مستمرة في الحالات الآتية: 1.الإجازات والعطل المقررة نظاماً. 2.فترة الانقطاع لأداء الامتحانات وفقاً لما هو منصوص عليه في هذا النظام. 3.حالات غياب العامل عن عمله بدون أجر التي لا تزيد مدتها على عشرين يوماً متقطعة خلال سنة العمل. -الإسناد: خدمة توفير عامل للعمل لدى غير صاحب العمل وذلك من خلال منشأة مرخص لها لهذا الغرض. -الاستقالة: إفصاح العامل كتابة عن رغبته دون إكراه في إنهاء عقد عمل محدد المدة دون تعليق على قيد أو شرط، وقبول صاحب العمل بها. -الأجر الأساسي: كل ما يعطى للعامل مقابل عمله، بموجب عقد عمل مكتوب أو غير مكتوب، مهما كان نوع الأجر أو طريقة أدائه، مضافاً إليه العلاوات الدورية. -الأجر الفعلي: الأجر الأساسي مضافاً إليه سائر الزيادات المستحقة الأخرى التي تتقرر للعامل مقابل جهد بذله في العمل، أو مخاطر يتعرض لها في أداء عمله، أو التي تتقرر للعامل لقاء العمل بموجب عقد العمل أو لائحة تنظيم العمل. ومن ذلك: 1- العمولة، أو النسبة المئوية من المبيعات، أو النسبة المئوية من الأرباح، التي تدفع مقابل ما يقوم بتسويقه، أو إنتاجه، أو تحصيله، أو ما يحققه من زيادة الإنتاج أو تحسينه. 2- البدلات التي يستحقها العامل لقاء طاقة يبذلها، أو مخاطر يتعرض لها في أداء عمله. 3- الزيادات التي قد تمنح وفقاً لمستوى المعيشة، أو لمواجهة أعباء العائلة. 4- المنحة أو المكافأة: هي التي يعطيها صاحب العمل للعامل، وما يصرف له جزاء أمانته، أو كفايته، وما شابه ذلك، إذا كانت هذه المنحة أو المكافأة مقررة في عقد العمل، أو لائحة تنظيم العمل للمنشأة، أو جرت العادة بمنحها، حتى أصبح العمال يعدونها جزءاً من الأجر لا تبرعاً. 5- الميزات العينية: هي التي يلتزم صاحب العمل بتوفيرها للعامل مقابل عمله، بالنص عليها في عقد العمل أو في لائحة تنظيم العمل. وتقدر بحد أقصى يعادل الأجر الأساسي لمدة شهرين عن كل سنة ما لم تقدر في عقد العمل أو لائحة تنظيم العمل بما يزيد على ذلك. -الأجر: الأجر الفعلي. -المنشأة: كل مشروع يديره شخص طبيعي، أو اعتباري، يشغًل عاملاً أو أكثر، لقاء أجر أياً كان نوعه. -الشهر: ثلاثون يوماً ما لم ينص على خلاف ذلك في عقد العمل أو في لائحة تنظيم العمل. -اللائحة: اللائحة التنفيذية لهذا النظام.",structural,e5_large,hybrid_reranker,0.8
متى يستحق العامل مكافأة نهاية الخدمة؟,True,0.7492,0.9579455852508545,faq,nan,nan,STRUCT_000437,805230b359c36c66f227ede181f48e9fe418ada20a1e2ea5d557d3e3d1169707,chromadb+bm25+reranker,0.3148987293243408,Rank: 1 | Source type: faq | Score: 0.9579 | Chunk ID: STRUCT_000437 | Parent document ID: 805230b359c36c66f227ede181f48e9fe418ada20a1e2ea5d557d3e3d1169707 | Article number: nan | Article title: nan التصنيف: أفراد | العمالة المنزلية | كبار السن | قطاع الخدمة المدنية (العام) | مركز الرياض للسياسات السلوكية القطاع: قطاع الخدمة المدنية (العام) الموقع الفرعي: مركز الرياض للسياسات السلوكية السؤال: موظف مددت خدمته لمدة سنتين بعد بلوغه السن النظامية، ولم يرغب في إكمال مدة التمديد فهل يستحق مكافأة نهاية الخدمة المنصوص عليها بالمادة (53) من لائحة الحقوق والمزايا المالية؟ النص المسترجع: المصدر: HRSD FAQ التصنيف: أفراد | العمالة المنزلية | كبار السن | قطاع الخدمة المدنية (العام) | مركز الرياض للسياسات السلوكية السؤال: موظف مددت خدمته لمدة سنتين بعد بلوغه السن النظامية، ولم يرغب في إكمال مدة التمديد ف...,"Rank: 1 | Source type: faq | Score: 0.9579 | Chunk ID: STRUCT_000437 | Parent document ID: 805230b359c36c66f227ede181f48e9fe418ada20a1e2ea5d557d3e3d1169707 | Article number: nan | Article title: nan
التصنيف: أفراد | العمالة المنزلية | كبار السن | قطاع الخدمة المدنية (العام) | مركز الرياض للسياسات السلوكية
القطاع: قطاع الخدمة المدنية (العام)
الموقع الفرعي: مركز الرياض للسياسات السلوكية
السؤال: موظف مددت خدمته لمدة سنتين بعد بلوغه السن النظامية، ولم يرغب في إكمال مدة التمديد فهل يستحق مكافأة نهاية الخدمة المنصوص عليها بالمادة (53) من لائحة الحقوق والمزايا المالية؟
النص المسترجع:
المصدر: HRSD FAQ التصنيف: أفراد | العمالة المنزلية | كبار السن | قطاع الخدمة المدنية (العام) | مركز الرياض للسياسات السلوكية السؤال: موظف مددت خدمته لمدة سنتين بعد بلوغه السن النظامية، ولم يرغب في إكمال مدة التمديد فهل يستحق مكافأة نهاية الخدمة المنصوص عليها بالمادة (53) من لائحة الحقوق والمزايا المالية؟ الإجابة: ما دام أن التمديد كان للمصلحة العامة التي يقتضيها الاستمرار في الوظيفة بعد بلوغ السن النظامية وهو وضع استثنائي – فإنه تبعاً لذلك لا يضار بحرمانه من المكافأة المنصوص عليها بهذه المادة بمجرد تمديد خدماته إذ أن استحقاقه للمكافأة حصل ببلوغه السن النظامية حتى وإن أجل صرفها إلى ما بعد انتهاء مدة التمديد أو بعضها.

---

Rank: 2 | Source type: legal_article | Score: 0.8535 | Chunk ID: STRUCT_000085 | Parent document ID: 5b972d3ae51a19b2a3ebe1ab525fc3fb05eefd24224b1f22cd598c050d3194bf | Article number: 84.0 | Article title: المادة الرابعة والثمانون:
التصنيف القانوني: علاقات العمل
الباب: علاقات العمل
الفصل: الفصل الرابع
رقم المادة: الرابعة والثمانون
عنوان المادة: المادة الرابعة والثمانون:
النص القانوني:
الباب الخامس - علاقات العمل | الفصل الرابع | المادة 84 المصدر: نظام العمل السعودي الباب الخامس - علاقات العمل الفصل الرابع المادة الرابعة والثمانون: رقم المادة: 84 حالة المادة: active النص: إذا انتهت علاقة العمل وجب على صاحب العمل أن يدفع إلى العامل مكافأة عن مدة خدمته تحسب على أساس أجر نصف شهر عن كل سنة من السنوات الخمس الأولى، وأجر شهر عن كل سنة من السنوات التالية، ويتخذ الأجر الأخير أساساً لحساب المكافأة ، ويستحق العامل مكافأة عن أجزاء السنة بنسبة ما قضاه منها في العمل .

---

Rank: 3 | Source type: legal_article | Score: 0.8501 | Chunk ID: STRUCT_000086 | Parent document ID: 343ee48aabd2cf26f0312d0efdb39d7547ea2d705cf92251d1663ca801c6d9d0 | Article number: 85.0 | Article title: المادة الخامسة والثمانون:
التصنيف القانوني: علاقات العمل
الباب: علاقات العمل
الفصل: الفصل الرابع
رقم المادة: الخامسة والثمانون
عنوان المادة: المادة الخامسة والثمانون:
النص القانوني:
الباب الخامس - علاقات العمل | الفصل الرابع | المادة 85 المصدر: نظام العمل السعودي الباب الخامس - علاقات العمل الفصل الرابع المادة الخامسة والثمانون: رقم المادة: 85 حالة المادة: active النص: إذا كان انتهاء علاقة العمل بسبب استقالة العامل يستحق في هذه الحالة ثلث المكافأة بعد خدمة لا تقل مدتها عن سنتين متتاليتين ، ولا تزيد على خمس سنوات ، ويستحق ثلثيها إذا زادت مدة خدمته على خمس سنوات متتالية ولم تبلغ عشر سنوات ويستحق المكافأة كاملة إذا بلغت مدة خدمته عشر سنوات فأكثر .

---

Rank: 4 | Source type: faq | Score: 0.8403 | Chunk ID: STRUCT_000392 | Parent document ID: 7baefc03492cb2b83afc30fc033fcf8b64a0c6bb73d582d728625ec5ac857cab | Article number: nan | Article title: nan
التصنيف: أفراد | العمالة المنزلية | كبار السن | قطاع الخدمة المدنية (العام) | مركز الرياض للسياسات السلوكية
القطاع: قطاع الخدمة المدنية (العام)
الموقع الفرعي: مركز الرياض للسياسات السلوكية
السؤال: ما مدى امكانية صرف مكافأة نهاية الخدمة المنصوص عليها بالمادة (53) من لائحة الحقوق والمزايا المالية للعامل المعين على بند الأجور عند انتهاء خدمته؟
النص المسترجع:
المصدر: HRSD FAQ التصنيف: أفراد | العمالة المنزلية | كبار السن | قطاع الخدمة المدنية (العام) | مركز الرياض للسياسات السلوكية السؤال: ما مدى امكانية صرف مكافأة نهاية الخدمة المنصوص عليها بالمادة (53) من لائحة الحقوق والمزايا المالية للعامل المعين على بند الأجور عند انتهاء خدمته؟ الإجابة: عدم استفادة العامل المعين على بند الأجور لهذه المكافأة وانما تصرف له مكافأة نهاية الخدمة المنصوص عليها بنظام العمل.

---

Rank: 5 | Source type: faq | Score: 0.6038 | Chunk ID: STRUCT_000435 | Parent document ID: 1e3480ae389f6036ef5bcf0e523fd7b8cb4b3183a75265a89bac075015f6b285 | Article number: nan | Article title: nan
التصنيف: أفراد | العمالة المنزلية | كبار السن | قطاع الخدمة المدنية (العام) | مركز الرياض للسياسات السلوكية
القطاع: قطاع الخدمة المدنية (العام)
الموقع الفرعي: مركز الرياض للسياسات السلوكية
السؤال: هل تصرف مكافأة نهاية الخدمة المنصوص عليها بالمادة (53) من لائحة الحقوق والمزايا المالية لمن يحال على التقاعد لبلوغه السن النظامية قبل إكماله سنة التجربة؟
النص المسترجع:
المصدر: HRSD FAQ التصنيف: أفراد | العمالة المنزلية | كبار السن | قطاع الخدمة المدنية (العام) | مركز الرياض للسياسات السلوكية السؤال: هل تصرف مكافأة نهاية الخدمة المنصوص عليها بالمادة (53) من لائحة الحقوق والمزايا المالية لمن يحال على التقاعد لبلوغه السن النظامية قبل إكماله سنة التجربة؟ الإجابة: تمشياً مع قرار مجلس الخدمة المدنية رقم (924) لعام 1404هـ الذي نص على ألا تحتسب خدمات من يبلغ السن النظامي للتقاعد قبل انتهاء سنة التجربة التي تلي التعيين المنصوص عليها بالمادة (9) من نظام الخدمة المدنية وذلك لأغراض التقاعد فإن هذه الحالة تكون محكومة بهذا القرار لأن من لم يكمل سنة التجربة قبل بلوغه السن النظامية لا يعتبر محالاً للتقاعد حتى يمكن صرف المكافأة المشار إليها له.",structural,e5_large,hybrid_reranker,0.8
كم عدد ساعات العمل في نظام العمل السعودي؟,True,0.7492,0.9181236028671265,legal_article,99.0,المادة التاسعة والتسعون:,STRUCT_000100,4d7b6567adef57ae0d1350a027920ae7d11610e7cf8da52e68e0c806900f687e,chromadb+bm25+reranker,0.31075572967529297,Rank: 1 | Source type: legal_article | Score: 0.9181 | Chunk ID: STRUCT_000100 | Parent document ID: 4d7b6567adef57ae0d1350a027920ae7d11610e7cf8da52e68e0c806900f687e | Article number: 99.0 | Article title: المادة التاسعة والتسعون: التصنيف القانوني: شروط العمل وظروفه الباب: شروط العمل وظروفه الفصل: الفصل الثاني رقم المادة: التاسعة والتسعون عنوان المادة: المادة التاسعة والتسعون: النص القانوني: الباب السادس - شروط العمل وظروفه | الفصل الثاني | المادة 99 المصدر: نظام العمل السعودي الباب السادس - شروط العمل وظروفه الفصل الثاني المادة التاسعة والتسعون: رقم المادة: 99 حالة المادة: active النص: يجوز زيادة ساعات العمل المنصوص عليها في المادة الثامنة والتسعين من هذا النظام إلى تسع ساعات في اليوم الواحد لبعض فئات العمال ، أو في بعض الصناعات والأعمال التي لا يشتغل فيها العامل بصفة مستمرة . كما يجوز تخ...,"Rank: 1 | Source type: legal_article | Score: 0.9181 | Chunk ID: STRUCT_000100 | Parent document ID: 4d7b6567adef57ae0d1350a027920ae7d11610e7cf8da52e68e0c806900f687e | Article number: 99.0 | Article title: المادة التاسعة والتسعون:
التصنيف القانوني: شروط العمل وظروفه
الباب: شروط العمل وظروفه
الفصل: الفصل الثاني
رقم المادة: التاسعة والتسعون
عنوان المادة: المادة التاسعة والتسعون:
النص القانوني:
الباب السادس - شروط العمل وظروفه | الفصل الثاني | المادة 99 المصدر: نظام العمل السعودي الباب السادس - شروط العمل وظروفه الفصل الثاني المادة التاسعة والتسعون: رقم المادة: 99 حالة المادة: active النص: يجوز زيادة ساعات العمل المنصوص عليها في المادة الثامنة والتسعين من هذا النظام إلى تسع ساعات في اليوم الواحد لبعض فئات العمال ، أو في بعض الصناعات والأعمال التي لا يشتغل فيها العامل بصفة مستمرة . كما يجوز تخفيضها إلى سبع ساعات في اليوم الواحد لبعض فئات العمال أو في بعض الصناعات والأعمال الخطرة أو الضارة . وتحدد فئات العمال والصناعات والأعمال المشار إليها بقرار من الوزير .

---

Rank: 2 | Source type: faq | Score: 0.8984 | Chunk ID: STRUCT_000313 | Parent document ID: 2bc533aff9fa683ca0a03934a22e3d351b3e9b2f3e2789a0f08115162e6e03fa | Article number: nan | Article title: nan
التصنيف: أعمال | العمالة المنزلية | عامل | كبار السن | قطاع العمل | مركز الرياض للسياسات السلوكية
القطاع: قطاع العمل
الموقع الفرعي: مركز الرياض للسياسات السلوكية
السؤال: كم عدد ساعات العمل ؟
النص المسترجع:
المصدر: HRSD FAQ التصنيف: أعمال | العمالة المنزلية | عامل | كبار السن | قطاع العمل | مركز الرياض للسياسات السلوكية السؤال: كم عدد ساعات العمل ؟ الإجابة: لا يجوز تشغيل العامل تشغيلًا فعليًّا أكثر من 8 ساعات في اليوم الواحد، إذا اعتمد صاحب العمل المعيار اليومي، أو أكثر من 48 ساعة في الأسبوع، إذا اعتمد المعيار الأسبوعي. وتخفض ساعات العمل الفعلية خلال شهر رمضان للمسلمين، بحيث لا تزيد على 6 ساعات في اليوم، أو 36 ساعة في الأسبوع. يجوز زيادة ساعات العمل إلى 9 ساعات في اليوم الواحد لبعض فئات العمال، أو في بعض الصناعات والأعمال التي لا يشتغل فيها العامل بصفة مستمرة، كما يجوز تخفيضها إلى 7 ساعات في اليوم الواحد لبعض فئات العمال أو في بعض الصناعات والأعمال الخطرة أو الضارة، وتحدد فئات العمال والصناعات والأعمال المشار إليها بقرار من الوزير. تحدد ساعات العمل الفعلية للعمال المخصصين للحراسة والنظافة ب 12 في اليوم، تخفض إلى 10 ساعات خلال شهر رمضان المبارك؛ بحيث لا تزيد ساعات العمل الأسبوعية على 48 ساعة وعلى 36 ساعة خلال شهر رمضان للمسلمين، وما زاد على ذلك يحسب عملًا إضافيًا. لا تدخل الفترات المخصصة للراحة والصلاة والطعام ضمن ساعات العمل الفعلية، ولا يكون العامل خلال هذه الفترات تحت سلطة صاحب العمل، ولا يجوز لصاحب العمل أن يلزم العامل بالبقاء خلالها في مكان العمل

---

Rank: 3 | Source type: legal_article | Score: 0.8431 | Chunk ID: STRUCT_000101 | Parent document ID: d3df245fa2410ecc7d76ecb885576d34412f45e773373fdf999e9b76be2dec73 | Article number: 100.0 | Article title: المادة المائة:
التصنيف القانوني: شروط العمل وظروفه
الباب: شروط العمل وظروفه
الفصل: الفصل الثاني
رقم المادة: المائة
عنوان المادة: المادة المائة:
النص القانوني:
الباب السادس - شروط العمل وظروفه | الفصل الثاني | المادة 100 المصدر: نظام العمل السعودي الباب السادس - شروط العمل وظروفه الفصل الثاني المادة المائة: رقم المادة: 100 حالة المادة: active النص: يجوز لصاحب العمل - بموافقة الوزارة - في المنشآت التي تقتضي طبيعة العمل فيها أداء العمل بالتناوب زيادة ساعات العمل على ثماني ساعات عمل في اليوم أو ثمان وأربعين ساعة في الأسبوع ، بشرط ألا يزيد متوسط ساعات العمل عند احتسابه لمدة ثلاثة أسابيع أو أقل على ثماني ساعات يومياً أو ثمان وأربعين ساعة أسبوعياً .

---

Rank: 4 | Source type: legal_article | Score: 0.7985 | Chunk ID: STRUCT_000099 | Parent document ID: a28d9d1238f829c664612f6e0f62f0152a39351f1f09ec1d7016a52c65a95792 | Article number: 98.0 | Article title: المادة الثامنة والتسعون:
التصنيف القانوني: شروط العمل وظروفه
الباب: شروط العمل وظروفه
الفصل: الفصل الثاني
رقم المادة: الثامنة والتسعون
عنوان المادة: المادة الثامنة والتسعون:
النص القانوني:
الباب السادس - شروط العمل وظروفه | الفصل الثاني | المادة 98 المصدر: نظام العمل السعودي الباب السادس - شروط العمل وظروفه الفصل الثاني المادة الثامنة والتسعون: رقم المادة: 98 حالة المادة: active النص: لا يجوز تشغيل العامل تشغيلاً فعلياً أكثر من ثماني ساعات في اليوم الواحد ، إذا اعتمد صاحب العمل المعيار اليومي ، أو أكثر من ثمان وأربعين ساعة في الأسبوع ، إذا اعتمد المعيار الأسبوعي. وتخفض ساعات العمل الفعلية خلال شهر رمضان للمسلمين ، بحيث لا تزيد على ست ساعات في اليوم ، أو ست وثلاثين ساعة في الأسبوع .

---

Rank: 5 | Source type: legal_article | Score: 0.7472 | Chunk ID: STRUCT_000107 | Parent document ID: 9814695f188324862273b04b0b0acc251c11f65b23bddd19e546693785c037d2 | Article number: 106.0 | Article title: المادة السادسة بعد المائة:
التصنيف القانوني: شروط العمل وظروفه
الباب: شروط العمل وظروفه
الفصل: الفصل الثالث
رقم المادة: السادسة بعد المائة
عنوان المادة: المادة السادسة بعد المائة:
النص القانوني:
الباب السادس - شروط العمل وظروفه | الفصل الثالث | المادة 106 المصدر: نظام العمل السعودي الباب السادس - شروط العمل وظروفه الفصل الثالث المادة السادسة بعد المائة: رقم المادة: 106 حالة المادة: active النص: يجوز لصاحب العمل عدم التقيد بأحكام المواد الثامنة والتسعين والأولى بعد المائة والفقرة (1) من المادة الرابعة بعد المائة من هذا النظام في الحالات الآتية: أعمال الجرد السنوي، وإعداد الميزانية ، والتصفية ، وقفل الحسابات والاستعداد للبيع بأثمان مخفضة والاستعداد للمواسم ، بشرط ألا يزيد عدد الأيام التي يشتغل فيها العمال على ثلاثين يوماً في السنة . إذا كان العمل لمنع وقوع حادث خطر ، أو إصلاح ما نشأ عنه ، أو تلافي خسارة محققة لمواد قابلة للتلف. إذا كان التشغيل بقصد مواجهة ضغط عمل غير عادي . الأعياد والمواسم والمناسبات الأخرى والأعمال الموسمية التي تحدد بقرار من الوزير . ولا يجوز في جميع الحالات المتقدمة أن تزيد ساعات العمل الفعلية على عشر ساعات في اليوم ، أو ستين ساعة في الأسبوع . ويحدد الوزير بقرار منه الحد الأقصى لساعات العمل الإضافية التي يسمح بها في السنة.",structural,e5_large,hybrid_reranker,0.8
هل يحق لصاحب العمل نقل العامل من فرع إلى فرع؟,True,0.7492,0.9413469433784485,legal_article,58.0,المادة الثامنة والخمسون:,STRUCT_000058,1051ab3d809d019bdc3a3f42ad5a02fc91dd155ec2c502a040180ae5cdd91a46,chromadb+bm25+reranker,0.3244478702545166,Rank: 1 | Source type: legal_article | Score: 0.9413 | Chunk ID: STRUCT_000058 | Parent document ID: 1051ab3d809d019bdc3a3f42ad5a02fc91dd155ec2c502a040180ae5cdd91a46 | Article number: 58.0 | Article title: المادة الثامنة والخمسون: التصنيف القانوني: علاقات العمل الباب: علاقات العمل الفصل: الفصل الأول رقم المادة: الثامنة والخمسون عنوان المادة: المادة الثامنة والخمسون: النص القانوني: الباب الخامس - علاقات العمل | الفصل الأول | المادة 58 المصدر: نظام العمل السعودي الباب الخامس - علاقات العمل الفصل الأول المادة الثامنة والخمسون: رقم المادة: 58 حالة المادة: active النص: لا يجوز لصاحب العمل أن ينقل العامل بغير موافقته - كتابةً - من مكان عمله الأصلي إلى مكان آخر يقتضي تغيير محل إقامته . لصاحب العمل - في حالات الضرورة التي قد تقتضيها ظروف عارضة ولمدة لا تتجاوز ثلاثين يوماً في السنة - تكليف العامل ب...,"Rank: 1 | Source type: legal_article | Score: 0.9413 | Chunk ID: STRUCT_000058 | Parent document ID: 1051ab3d809d019bdc3a3f42ad5a02fc91dd155ec2c502a040180ae5cdd91a46 | Article number: 58.0 | Article title: المادة الثامنة والخمسون:
التصنيف القانوني: علاقات العمل
الباب: علاقات العمل
الفصل: الفصل الأول
رقم المادة: الثامنة والخمسون
عنوان المادة: المادة الثامنة والخمسون:
النص القانوني:
الباب الخامس - علاقات العمل | الفصل الأول | المادة 58 المصدر: نظام العمل السعودي الباب الخامس - علاقات العمل الفصل الأول المادة الثامنة والخمسون: رقم المادة: 58 حالة المادة: active النص: لا يجوز لصاحب العمل أن ينقل العامل بغير موافقته - كتابةً - من مكان عمله الأصلي إلى مكان آخر يقتضي تغيير محل إقامته . لصاحب العمل - في حالات الضرورة التي قد تقتضيها ظروف عارضة ولمدة لا تتجاوز ثلاثين يوماً في السنة - تكليف العامل بعمل في مكان يختلف عن المكان المتفق عليه دون اشتراط موافقته ، على أن يتحمل صاحب العمل تكاليف انتقال العامل وإقامته خلال تلك المدة.

---

Rank: 2 | Source type: faq | Score: 0.9201 | Chunk ID: STRUCT_000324 | Parent document ID: 706550432de905d72a6ff5a565caaa61d2cbd016555a049798a31ebf73a58218 | Article number: nan | Article title: nan
التصنيف: أعمال | العمالة المنزلية | عامل | كبار السن | قطاع العمل | مركز الرياض للسياسات السلوكية
القطاع: قطاع العمل
الموقع الفرعي: مركز الرياض للسياسات السلوكية
السؤال: ماهي الحقوق العامة في عقد العمل؟
النص المسترجع:
المصدر: HRSD FAQ التصنيف: أعمال | العمالة المنزلية | عامل | كبار السن | قطاع العمل | مركز الرياض للسياسات السلوكية السؤال: ماهي الحقوق العامة في عقد العمل؟ الإجابة: لا يجوز تكليف العامل بعمل يختلف اختلافًا جوهريًّا عن العمل المتفق عليه بغير موافقته الكتابية، إلا في حالات الضرورة التي قد تقتضيها ظروف عارضة، ولمدة لا تتجاوز ثلاثين يومًا في السنة. لصاحب العمل - في حالات الضرورة التي قد تقتضيها ظروف عارضة ولمدة لا تتجاوز ثلاثين يوماً في السنة – تكليف العامل بعمل في مكان يختلف عن المكان المتفق عليه دون اشتراط موافقته، على أن يتحمل صاحب العمل تكاليف انتقال العامل وإقامته خلال تلك المدة. لا يجوز لصاحب العمل أن ينقل العامل بغير موافقته -كتابة- من مكان عمله الأصلي إلى مكان آخر يقتضي تغيير محل إقامته. إذا كان العقد من أجل القيام بعمل معين فإنه ينتهي بإنجاز العمل المتفق عليه. لا يجوز نقل العامل ذي الأجر الشهري إلى فئة عمال اليومية أو العمال المعينين بالأجر الأسبوعي أو بالقطعة أو بالساعة، إلا إذا وافق العامل على ذلك كتابة، ومع عدم الإخلال بالحقوق التي اكتسبها العامل في المدة التي قضاها بالأجر الشهري.

---

Rank: 3 | Source type: faq | Score: 0.7411 | Chunk ID: STRUCT_000375 | Parent document ID: c3696ba25c5d7887514c3837aec4600c03caf204510785d4f51d545a3c36281d | Article number: nan | Article title: nan
التصنيف: أصحاب عمل | أفراد | العمالة المنزلية | كبار السن | قطاع العمل | مركز الرياض للسياسات السلوكية
القطاع: قطاع العمل
الموقع الفرعي: مركز الرياض للسياسات السلوكية
السؤال: في حال العقد الثاني وما يليه من عقود، هل يحق للعامل الانتقال خلال السنة الأولى من العقد؟
النص المسترجع:
المصدر: HRSD FAQ التصنيف: أصحاب عمل | أفراد | العمالة المنزلية | كبار السن | قطاع العمل | مركز الرياض للسياسات السلوكية السؤال: في حال العقد الثاني وما يليه من عقود، هل يحق للعامل الانتقال خلال السنة الأولى من العقد؟ الإجابة: نعم يحق له الانتقال مع تطبيق شروط أهلية العامل وصاحب العمل الجديد، وفي هذه الحالة ينطبق عليه الشرط الجزائي حسب المنصوص عليه في العقد وكذلك فترة الإشعار المتفق عليها.

---

Rank: 4 | Source type: faq | Score: 0.6411 | Chunk ID: STRUCT_000374 | Parent document ID: dcbca1d42ec51e90c48516e275fec555e577ced7d6fbaa0d422450dc4f1c4200 | Article number: nan | Article title: nan
التصنيف: أصحاب عمل | أفراد | العمالة المنزلية | كبار السن | قطاع العمل | مركز الرياض للسياسات السلوكية
القطاع: قطاع العمل
الموقع الفرعي: مركز الرياض للسياسات السلوكية
السؤال: هل يحق للعامل الانتقال لصاحب عمل آخر قبل انتهاء مدة العقد؟
النص المسترجع:
المصدر: HRSD FAQ التصنيف: أصحاب عمل | أفراد | العمالة المنزلية | كبار السن | قطاع العمل | مركز الرياض للسياسات السلوكية السؤال: هل يحق للعامل الانتقال لصاحب عمل آخر قبل انتهاء مدة العقد؟ الإجابة: نعم يحق له الانتقال مع تطبيق شروط أهلية العامل وصاحب العمل الجديد، وفي هذه الحالة ينطبق عليه الشرط الجزائي حسب المنصوص عليه في العقد وكذلك فترة الإشعار المتفق عليها.

---

Rank: 5 | Source type: faq | Score: 0.5510 | Chunk ID: STRUCT_000285 | Parent document ID: a5df99c1d79bacfdba628c3d9ca2b8918e7b0fa90361b9b4f0fe94a31b77a08b | Article number: nan | Article title: nan
التصنيف: أعمال | العمالة المنزلية | عامل | كبار السن | قطاع العمل | مركز الرياض للسياسات السلوكية
القطاع: قطاع العمل
الموقع الفرعي: مركز الرياض للسياسات السلوكية
السؤال: هل يحق للعامل الانتقال من منشأة في النطاق الأحمر بدون إذن صاحب العمل إلى منشأة لم تدخل في النطاقات (أقل من 10 عمال)؟
النص المسترجع:
المصدر: HRSD FAQ التصنيف: أعمال | العمالة المنزلية | عامل | كبار السن | قطاع العمل | مركز الرياض للسياسات السلوكية السؤال: هل يحق للعامل الانتقال من منشأة في النطاق الأحمر بدون إذن صاحب العمل إلى منشأة لم تدخل في النطاقات (أقل من 10 عمال)؟ الإجابة: لا، لابد من الحصول على موافقة من صاحب العمل أما في حال انتهاء الإقامة فتتم الموافقة آلياً.",structural,e5_large,hybrid_reranker,0.8
ما مدة الإجازة السنوية للعامل؟,True,0.7492,0.9963352680206299,faq,nan,nan,STRUCT_000321,f196cb04ac077b585020c6b00dd03592845742a0e51983c0e22991f007640855,chromadb+bm25+reranker,0.3082544803619385,Rank: 1 | Source type: faq | Score: 0.9963 | Chunk ID: STRUCT_000321 | Parent document ID: f196cb04ac077b585020c6b00dd03592845742a0e51983c0e22991f007640855 | Article number: nan | Article title: nan التصنيف: أعمال | العمالة المنزلية | عامل | كبار السن | قطاع العمل | مركز الرياض للسياسات السلوكية القطاع: قطاع العمل الموقع الفرعي: مركز الرياض للسياسات السلوكية السؤال: ماهي شروط وضوابط الإجازات للعامل؟ النص المسترجع: المصدر: HRSD FAQ التصنيف: أعمال | العمالة المنزلية | عامل | كبار السن | قطاع العمل | مركز الرياض للسياسات السلوكية السؤال: ماهي شروط وضوابط الإجازات للعامل؟ الإجابة: يستحق العامل عن كل عام إجازة سنوية لا تقل مدتها عن واحد وعشرين يومًا، تُزاد إلى مدة لا تقل عن ثلاثين يومًا إذا أمضى العامل في خدمة صاحب العمل خمس سنوات متصلة، وتكون الإجازة بأجر يدفع مقدمًا. يجب أن يتمتع العامل بإجاز...,"Rank: 1 | Source type: faq | Score: 0.9963 | Chunk ID: STRUCT_000321 | Parent document ID: f196cb04ac077b585020c6b00dd03592845742a0e51983c0e22991f007640855 | Article number: nan | Article title: nan
التصنيف: أعمال | العمالة المنزلية | عامل | كبار السن | قطاع العمل | مركز الرياض للسياسات السلوكية
القطاع: قطاع العمل
الموقع الفرعي: مركز الرياض للسياسات السلوكية
السؤال: ماهي شروط وضوابط الإجازات للعامل؟
النص المسترجع:
المصدر: HRSD FAQ التصنيف: أعمال | العمالة المنزلية | عامل | كبار السن | قطاع العمل | مركز الرياض للسياسات السلوكية السؤال: ماهي شروط وضوابط الإجازات للعامل؟ الإجابة: يستحق العامل عن كل عام إجازة سنوية لا تقل مدتها عن واحد وعشرين يومًا، تُزاد إلى مدة لا تقل عن ثلاثين يومًا إذا أمضى العامل في خدمة صاحب العمل خمس سنوات متصلة، وتكون الإجازة بأجر يدفع مقدمًا. يجب أن يتمتع العامل بإجازته في سنة استحقاقها، ولا يجوز النزول عنها، أو أن يتقاضى بدلًا نقديًّا عوضًا عن الحصول عليها أثناء خدمته، ولصاحب العمل أن يحدد مواعيد هذه الإجازات وفقًا لمقتضيات العمل، أو يمنحها بالتناوب لكي يؤمن سير عمله، وعليه إشعار العامل بالميعاد المحدد لتمتعه بالإجازة بوقت كافٍ لا يقل عن ثلاثين يومًا. المادة 109 للعامل الحق في الحصول على أجرة عن أيام الإجازة المستحقة إذا ترك العمل قبل استعماله لها، وذلك بالنسبة إلى المدة التي لم يحصل على إجازته عنها، كما يستحق أجرة الإجازة عن أجزاء السنة بنسبة ما قضاه منها في العمل. المادة 111 لکل عامل الحق في إجازة بأجر کامل في الأعیاد والمناسبات المحددة. یجوز الحصول علی إجازة بدون أجر بموافقة صاحب العمل، ویعد عقد العمل موقوفا خلال مدة الإجازة إذا زادت علی 20 یوماً، مالم یتفق الطرفان علی خلاف ذلك. لا یجوز للعامل في فترة الإجازة أن یعمل لدى صاحب عمل آخر.

---

Rank: 2 | Source type: legal_article | Score: 0.9773 | Chunk ID: STRUCT_000110 | Parent document ID: 80b9f2ab3f90233bc03c55e64eb9eaad142f2e0e7b5ea944fb810b1abf71cfed | Article number: 109.0 | Article title: المادة التاسعة بعد المائة:
التصنيف القانوني: شروط العمل وظروفه
الباب: شروط العمل وظروفه
الفصل: الفصل الرابع
رقم المادة: التاسعة بعد المائة
عنوان المادة: المادة التاسعة بعد المائة:
النص القانوني:
الباب السادس - شروط العمل وظروفه | الفصل الرابع | المادة 109 المصدر: نظام العمل السعودي الباب السادس - شروط العمل وظروفه الفصل الرابع المادة التاسعة بعد المائة: رقم المادة: 109 حالة المادة: active النص: يستحق العامل عن كل عام إجازة سنوية لا تقل مدتها عن واحد وعشرين يوماً ، تُزاد إلى مدة لا تقل عن ثلاثين يوماً إذا أمضى العامل في خدمة صاحب العمل خمس سنوات متصلة ، وتكون الإجازة بأجر يدفع مقدماً . يجب أن يتمتع العامل بإجازته في سنة استحقاقها ، ولا يجوز النزول عنها ، أو أن يتقاضى بدلاً نقدياً عوضاً عن الحصول عليها أثناء خدمته ، ولصاحب العمل أن يحدد مواعيد هذه الإجازات وفقاً لمقتضيات العمل ، أو يمنحها بالتناوب لكي يؤمن سير عمله ، وعليه إشعار العامل بالميعاد المحدد لتمتعه بالإجازة بوقت كافٍ لا يقل عن ثلاثين يوماً .

---

Rank: 3 | Source type: legal_article | Score: 0.8462 | Chunk ID: STRUCT_000115 | Parent document ID: 3b88c004534c204c5feba1566db20b2467816150908d4ccb7da284a32fdf07e3 | Article number: 114.0 | Article title: المادة الرابعة عشرة بعد المائة:
التصنيف القانوني: شروط العمل وظروفه
الباب: شروط العمل وظروفه
الفصل: الفصل الرابع
رقم المادة: الرابعة عشرة بعد المائة
عنوان المادة: المادة الرابعة عشرة بعد المائة:
النص القانوني:
الباب السادس - شروط العمل وظروفه | الفصل الرابع | المادة 114 المصدر: نظام العمل السعودي الباب السادس - شروط العمل وظروفه الفصل الرابع المادة الرابعة عشرة بعد المائة: رقم المادة: 114 حالة المادة: active النص: للعامل الحق في الحصول على إجازة بأجر لا تقل مدتها عن عشرة أيام ولا تزيد على خمسة عشر يوماً بما فيها إجازة عيد الأضحى ؛ وذلك لأداء فريضة الحج لمرة واحدة طوال مدة خدمته إذا لم يكن قد أداها من قبل . ويشترط لاستحقاق هذه الإجازة أن يكون العامل قد أمضى في العمل لدى صاحب العمل سنتين متصلتين على الأقل ، ولصاحب العمل أن يحدد عدد العمال الذين يمنحون هذه الإجازة سنوياً وفقاً لمقتضيات العمل .

---

Rank: 4 | Source type: faq | Score: 0.7339 | Chunk ID: STRUCT_000320 | Parent document ID: d8d08274c8960424759e6f96033aea6666a85c87bd7f71f1afc641138dca32c1 | Article number: nan | Article title: nan
التصنيف: أعمال | العمالة المنزلية | عامل | كبار السن | قطاع العمل | مركز الرياض للسياسات السلوكية
القطاع: قطاع العمل
الموقع الفرعي: مركز الرياض للسياسات السلوكية
السؤال: ماهي الواجبات على صاحب العمل في الإجازات؟
النص المسترجع:
المصدر: HRSD FAQ التصنيف: أعمال | العمالة المنزلية | عامل | كبار السن | قطاع العمل | مركز الرياض للسياسات السلوكية السؤال: ماهي الواجبات على صاحب العمل في الإجازات؟ الإجابة: علی صاحب العمل تحدید أوقات الإجازات السنویة. إشعار العامل بالميعاد المحدد لتمتعه بالإجازة بوقت كافٍ لا يقل عن ثلاثين يوماً. المادة 109 لصاحب العمل حق تأجيل إجازة العامل بعد نهاية سنة استحقاقها إذا اقتضت ظروف العمل ذلك لمدة لا تزيد على تسعين يومًا، فإذا اقتضت ظروف العمل استمرار التأجيل وجب الحصول على موافقة العامل كتابة، على ألا يتعدى التأجيل نهاية السنة التالية لسنة استحقاق الإجازة. المادة 110 یحق لصاحب العمل أن یطلب الوثائق المؤیدة لطلب الإجازة لحالات الوضع، أو الوفاة، أو الزواج، وكذلك ما يدل على أدائه الامتحان. المادة 113 و المادة 115 لا يجوز للعامل أثناء تمتعه بأي من إجازاته المنصوص عليها في هذا الفصل أن يعمل لدى صاحب عمل آخر، فإذا أثبت صاحب العمل أن العامل قد خالف ذلك فله أن يحرمه من أجره عن مدة الإجازة أو يسترد ما سبق أن أداه إليه من ذلك الأجر.

---

Rank: 5 | Source type: legal_article | Score: 0.7183 | Chunk ID: STRUCT_000111 | Parent document ID: bdee8a861687feda8fb175d9a4a5f4ab740c548ee4d7528256ae066315200e91 | Article number: 110.0 | Article title: المادة العاشرة بعد المائة:
التصنيف القانوني: شروط العمل وظروفه
الباب: شروط العمل وظروفه
الفصل: الفصل الرابع
رقم المادة: العاشرة بعد المائة
عنوان المادة: المادة العاشرة بعد المائة:
النص القانوني:
الباب السادس - شروط العمل وظروفه | الفصل الرابع | المادة 110 المصدر: نظام العمل السعودي الباب السادس - شروط العمل وظروفه الفصل الرابع المادة العاشرة بعد المائة: رقم المادة: 110 حالة المادة: active النص: للعامل بموافقة صاحب العمل أن يؤجل إجازته السنوية أو أياماً منها إلى السنة التالية . لصاحب العمل حق تأجيل إجازة العامل بعد نهاية سنة استحقاقها إذا اقتضت ظروف العمل ذلك لمدة لا تزيد على تسعين يوماً ، فإذا اقتضت ظروف العمل استمرار التأجيل وجب الحصول على موافقة العامل كتابة ، على ألاّ يتعدى التأجيل نهاية السنة التالية لسنة استحقاق الإجازة .",structural,e5_large,hybrid_reranker,0.8
كيف أقدم شكوى على صاحب العمل؟,True,0.7492,0.9956517815589905,faq,nan,nan,STRUCT_000305,78d90209d62c955bf714b2c011a24e5e53c8401bbf7cd469f0b437a6e6685339,chromadb+bm25+reranker,0.31224918365478516,Rank: 1 | Source type: faq | Score: 0.9957 | Chunk ID: STRUCT_000305 | Parent document ID: 78d90209d62c955bf714b2c011a24e5e53c8401bbf7cd469f0b437a6e6685339 | Article number: nan | Article title: nan التصنيف: أعمال | العمالة المنزلية | عامل | كبار السن | قطاع العمل | مركز الرياض للسياسات السلوكية القطاع: قطاع العمل الموقع الفرعي: مركز الرياض للسياسات السلوكية السؤال: كيف أقدم شكوى على أحد الموظفين في مكاتب العمل؟ وما الحل إذا لم تتم الإفادة من المدير المباشر؟ النص المسترجع: المصدر: HRSD FAQ التصنيف: أعمال | العمالة المنزلية | عامل | كبار السن | قطاع العمل | مركز الرياض للسياسات السلوكية السؤال: كيف أقدم شكوى على أحد الموظفين في مكاتب العمل؟ وما الحل إذا لم تتم الإفادة من المدير المباشر؟ الإجابة: على العميل التوجه إلى مكتب العمل الذي يعمل فيه الموظف، وتقديم الشكوى للمدير المباشر حيث تتم متاب...,"Rank: 1 | Source type: faq | Score: 0.9957 | Chunk ID: STRUCT_000305 | Parent document ID: 78d90209d62c955bf714b2c011a24e5e53c8401bbf7cd469f0b437a6e6685339 | Article number: nan | Article title: nan
التصنيف: أعمال | العمالة المنزلية | عامل | كبار السن | قطاع العمل | مركز الرياض للسياسات السلوكية
القطاع: قطاع العمل
الموقع الفرعي: مركز الرياض للسياسات السلوكية
السؤال: كيف أقدم شكوى على أحد الموظفين في مكاتب العمل؟ وما الحل إذا لم تتم الإفادة من المدير المباشر؟
النص المسترجع:
المصدر: HRSD FAQ التصنيف: أعمال | العمالة المنزلية | عامل | كبار السن | قطاع العمل | مركز الرياض للسياسات السلوكية السؤال: كيف أقدم شكوى على أحد الموظفين في مكاتب العمل؟ وما الحل إذا لم تتم الإفادة من المدير المباشر؟ الإجابة: على العميل التوجه إلى مكتب العمل الذي يعمل فيه الموظف، وتقديم الشكوى للمدير المباشر حيث تتم متابعة الشكوى وإفادة العميل. وفي حال عدم الإفادة من قبل المدير المباشر، على العميل التوجه إلى وزارة الموارد البشرية والتنمية الاجتماعية، وتقديم إفادة مكتوبة بخصوص المشكلة التي حصلت، إضافةً إلى إقرار بصحة المعلومات، مرفقةً ببياناته الكاملة.

---

Rank: 2 | Source type: faq | Score: 0.7776 | Chunk ID: STRUCT_000309 | Parent document ID: f8c1fa0670dd40b9641c4117f774a20e8202b417a8efe3605431a508947e371d | Article number: nan | Article title: nan
التصنيف: أعمال | العمالة المنزلية | عامل | كبار السن | قطاع العمل | مركز الرياض للسياسات السلوكية
القطاع: قطاع العمل
الموقع الفرعي: مركز الرياض للسياسات السلوكية
السؤال: ما هي أنواع الشكاوى التي يمكن أن يقدمها الموظف على صاحب العمل؟
النص المسترجع:
المصدر: HRSD FAQ التصنيف: أعمال | العمالة المنزلية | عامل | كبار السن | قطاع العمل | مركز الرياض للسياسات السلوكية السؤال: ما هي أنواع الشكاوى التي يمكن أن يقدمها الموظف على صاحب العمل؟ الإجابة: من أنواع الشكاوى: تأخير رواتب. التكليف بعمل مختلف عن طبيعة العمل المتفق عليه في العقد الموقع بين الطرفين سوء المعاملة عدم وجود سكن للموظف (في حال لم ينص عقد العمل عليه أو لم تكن المنشاة من ضمن شركات تأجير العمالة فأنها لا تلزم فيه كونه أحد البدلات المتفق عليها) مخالفة أحد شروط العقد

---

Rank: 3 | Source type: faq | Score: 0.1626 | Chunk ID: STRUCT_000308 | Parent document ID: e3cc26c2734af15a92ecd40d3b44288f70a4ba114b22d5cb3b318f676e8e3dca | Article number: nan | Article title: nan
التصنيف: أعمال | العمالة المنزلية | عامل | كبار السن | قطاع العمل | مركز الرياض للسياسات السلوكية
القطاع: قطاع العمل
الموقع الفرعي: مركز الرياض للسياسات السلوكية
السؤال: كيف يمكن لعامل الخدمة المنزلية تقديم شكوى لدى مكتب العمل؟
النص المسترجع:
المصدر: HRSD FAQ التصنيف: أعمال | العمالة المنزلية | عامل | كبار السن | قطاع العمل | مركز الرياض للسياسات السلوكية السؤال: كيف يمكن لعامل الخدمة المنزلية تقديم شكوى لدى مكتب العمل؟ الإجابة: يمكن تقديم شكوى لدى مكتب العمل من خلال التوجه إلى منصة (مساند) للعمالة المنزلية عبر الرابط التالي: https://musaned.com.sa/home

---

Rank: 4 | Source type: legal_article | Score: 0.1195 | Chunk ID: STRUCT_000072 | Parent document ID: 6c8cba50e68e84faa736bc9d3c1e58230c59e6f81afad0a438f9e667de5f51b0 | Article number: 72.0 | Article title: المادة الثانية والسبعون:
التصنيف القانوني: علاقات العمل
الباب: علاقات العمل
الفصل: الفصل من العمل في الحالات المقررة في النظام .
رقم المادة: الثانية والسبعون
عنوان المادة: المادة الثانية والسبعون:
النص القانوني:
الباب الخامس - علاقات العمل | الفصل من العمل في الحالات المقررة في النظام . | المادة 72 المصدر: نظام العمل السعودي الباب الخامس - علاقات العمل الفصل من العمل في الحالات المقررة في النظام . المادة الثانية والسبعون: رقم المادة: 72 حالة المادة: active النص: يجب أن يبلغ العامل بقرار توقيع الجزاء عليه كتابة، فإذا امتنع عن الاستلام أو كان غائباً فيرسل البلاغ بكتاب مسجل على عنوانه المبين في ملفه، وله التظلم كتابة للجهة المختصة لدى صاحب العمل خلال (ثلاثين) يوماً -عدا أيام العطل الرسمية- من تاريخ إبلاغه بالقرار، فإن رُفض تظلمه أو لم يُبت فيه كتابة خلال (خمسة عشر) يوماً من تقديمه كان له حق الاعتراض أمام المحاكم العمالية على القرار الخاص بتوقيع الجزاء عليه خلال (ثلاثين) يوماً -عدا أيام العطل الرسمية- من تاريخ رفض تظلمه أو انتهاء المدة المحددة للبت في التظلم أيهما أقرب.

---

Rank: 5 | Source type: legal_article | Score: 0.1076 | Chunk ID: STRUCT_000092 | Parent document ID: 72b6a38dcee91fd848843b9dc3bd7c3b660581f28a8ee3ce35153d1b24868c9a | Article number: 91.0 | Article title: المادة الحادية والتسعون:
التصنيف القانوني: شروط العمل وظروفه
الباب: شروط العمل وظروفه
الفصل: الفصل الأول
رقم المادة: الحادية والتسعون
عنوان المادة: المادة الحادية والتسعون:
النص القانوني:
الباب السادس - شروط العمل وظروفه | الفصل الأول | المادة 91 المصدر: نظام العمل السعودي الباب السادس - شروط العمل وظروفه الفصل الأول المادة الحادية والتسعون: رقم المادة: 91 حالة المادة: active النص: إذا تسبب عامل في فقد أو إتلاف أو تدمير آلات أو منتجات يملكها صاحب العمل أو هي في عهدته وكان ذلك ناشئاً عن خطأ العامل أو مخالفته تعليمات صاحب العمل ولم يكن نتيجة لخطأ الغير أو ناشئا عن قوة قاهرة ، فلصاحب العمل أن يقتطع من أجر العامل المبلغ اللازم للإصلاح أو لإعادة الوضع إلى ما كان عليه على ألا يزيد ما يقتطع لهذا الغرض على أجر خمسة أيام في كل شهر ، ولصاحب العمل الحق في التظلم عند الاقتضاء ، وذلك بطلب ما هو أكثر من ذلك إذا كان للعامل مال آخر يمكن الاستيفاء منه . وللعامل أن يتظلم مما نسب إليه أو من تقدير صاحب العمل للتعويض أمام المحكمة العمالية فإذا حكمت بعدم أحقية صاحب العمل في الرجوع على العامل بما اقتطعه منه أو حكمت بأقل منه وجب على صاحب العمل أن يرد إلى العامل ما اقتطع منه دون وجه حق خلال سبعة أيام من تاريخ صدور الحكم. يكون تظلم أي من الطرفين خلال خمسة عشر يوم عمل ، وإلا سقط الحق فيه ويبدأ موعد التظلم بالنسبة إلى صاحب العمل من تاريخ اكتشاف الواقعة وبالنسبة إلى العامل من تاريخ إبلاغ صاحب العمل له بذلك .",structural,e5_large,hybrid_reranker,0.8
ما حقوق العامل عند انتهاء عقد العمل؟,True,0.7492,0.9760190844535828,legal_article,64.0,المادة الرابعة والستون:,STRUCT_000064,75712469249444225b0d8076c807d51f8c883d982d9aa3143725251780f39f25,chromadb+bm25+reranker,0.2881746292114258,Rank: 1 | Source type: legal_article | Score: 0.9760 | Chunk ID: STRUCT_000064 | Parent document ID: 75712469249444225b0d8076c807d51f8c883d982d9aa3143725251780f39f25 | Article number: 64.0 | Article title: المادة الرابعة والستون: التصنيف القانوني: علاقات العمل الباب: علاقات العمل الفصل: الفصل الثاني رقم المادة: الرابعة والستون عنوان المادة: المادة الرابعة والستون: النص القانوني: الباب الخامس - علاقات العمل | الفصل الثاني | المادة 64 المصدر: نظام العمل السعودي الباب الخامس - علاقات العمل الفصل الثاني المادة الرابعة والستون: رقم المادة: 64 حالة المادة: active النص: يلتزم صاحب العمل عند إنتهاء عقد العمل بما يأتي : أن يعطي العامل – بناء على طلبه – شهادة خدمة دون مقابل ، يوضح فيها تاريخ التحاقه بالعمل ، وتاريخ انتهاء علاقته به ، ومهنته ، ومقدار أجره الأخير . ولا يجوز لصاحب العمل تضمين الشهادة م...,"Rank: 1 | Source type: legal_article | Score: 0.9760 | Chunk ID: STRUCT_000064 | Parent document ID: 75712469249444225b0d8076c807d51f8c883d982d9aa3143725251780f39f25 | Article number: 64.0 | Article title: المادة الرابعة والستون:
التصنيف القانوني: علاقات العمل
الباب: علاقات العمل
الفصل: الفصل الثاني
رقم المادة: الرابعة والستون
عنوان المادة: المادة الرابعة والستون:
النص القانوني:
الباب الخامس - علاقات العمل | الفصل الثاني | المادة 64 المصدر: نظام العمل السعودي الباب الخامس - علاقات العمل الفصل الثاني المادة الرابعة والستون: رقم المادة: 64 حالة المادة: active النص: يلتزم صاحب العمل عند إنتهاء عقد العمل بما يأتي : أن يعطي العامل – بناء على طلبه – شهادة خدمة دون مقابل ، يوضح فيها تاريخ التحاقه بالعمل ، وتاريخ انتهاء علاقته به ، ومهنته ، ومقدار أجره الأخير . ولا يجوز لصاحب العمل تضمين الشهادة ما قد يسيء إلى سمعة العامل أو يقلل من فرص العمل أمامه . أن يعيد إلى العامل جميع ما أودعه لديه من شهادات أو وثائق . ثانياً: واجبات العمال

---

Rank: 2 | Source type: faq | Score: 0.9648 | Chunk ID: STRUCT_000324 | Parent document ID: 706550432de905d72a6ff5a565caaa61d2cbd016555a049798a31ebf73a58218 | Article number: nan | Article title: nan
التصنيف: أعمال | العمالة المنزلية | عامل | كبار السن | قطاع العمل | مركز الرياض للسياسات السلوكية
القطاع: قطاع العمل
الموقع الفرعي: مركز الرياض للسياسات السلوكية
السؤال: ماهي الحقوق العامة في عقد العمل؟
النص المسترجع:
المصدر: HRSD FAQ التصنيف: أعمال | العمالة المنزلية | عامل | كبار السن | قطاع العمل | مركز الرياض للسياسات السلوكية السؤال: ماهي الحقوق العامة في عقد العمل؟ الإجابة: لا يجوز تكليف العامل بعمل يختلف اختلافًا جوهريًّا عن العمل المتفق عليه بغير موافقته الكتابية، إلا في حالات الضرورة التي قد تقتضيها ظروف عارضة، ولمدة لا تتجاوز ثلاثين يومًا في السنة. لصاحب العمل - في حالات الضرورة التي قد تقتضيها ظروف عارضة ولمدة لا تتجاوز ثلاثين يوماً في السنة – تكليف العامل بعمل في مكان يختلف عن المكان المتفق عليه دون اشتراط موافقته، على أن يتحمل صاحب العمل تكاليف انتقال العامل وإقامته خلال تلك المدة. لا يجوز لصاحب العمل أن ينقل العامل بغير موافقته -كتابة- من مكان عمله الأصلي إلى مكان آخر يقتضي تغيير محل إقامته. إذا كان العقد من أجل القيام بعمل معين فإنه ينتهي بإنجاز العمل المتفق عليه. لا يجوز نقل العامل ذي الأجر الشهري إلى فئة عمال اليومية أو العمال المعينين بالأجر الأسبوعي أو بالقطعة أو بالساعة، إلا إذا وافق العامل على ذلك كتابة، ومع عدم الإخلال بالحقوق التي اكتسبها العامل في المدة التي قضاها بالأجر الشهري.

---

Rank: 3 | Source type: legal_article | Score: 0.9476 | Chunk ID: STRUCT_000089 | Parent document ID: b46e28ba67562e1de29fe7de5c29af242cf5c0584387ed1a0e6b9ec04fb9ba59 | Article number: 88.0 | Article title: المادة الثامنة والثمانون:
التصنيف القانوني: علاقات العمل
الباب: علاقات العمل
الفصل: الفصل الرابع
رقم المادة: الثامنة والثمانون
عنوان المادة: المادة الثامنة والثمانون:
النص القانوني:
الباب الخامس - علاقات العمل | الفصل الرابع | المادة 88 المصدر: نظام العمل السعودي الباب الخامس - علاقات العمل الفصل الرابع المادة الثامنة والثمانون: رقم المادة: 88 حالة المادة: active النص: إذا انتهت خدمة العامل وجب على صاحب العمل دفع أجره وتصفية حقوقه خلال أسبوع - على الأكثر - من تاريخ انتهاء العلاقة العقدية . أما إذا كان العامل هو الذي أنهى العقد ، وجب على صاحب العمل تصفية حقوقه كاملة خلال مدة لا تزيد على أسبوعين. ولصاحب العمل أن يحسم أي دين مستحق له بسبب العمل من المبالغ المستحقة للعامل .

---

Rank: 4 | Source type: faq | Score: 0.9141 | Chunk ID: STRUCT_000323 | Parent document ID: 5b731056ef895b73c139f974e421ba5d2cb4a60ba5b11b5ba0bbcd86d71e1c88 | Article number: nan | Article title: nan
التصنيف: أعمال | العمالة المنزلية | عامل | كبار السن | قطاع العمل | مركز الرياض للسياسات السلوكية
القطاع: قطاع العمل
الموقع الفرعي: مركز الرياض للسياسات السلوكية
السؤال: متى يكون إنهاء العقد؟
النص المسترجع:
المصدر: HRSD FAQ التصنيف: أعمال | العمالة المنزلية | عامل | كبار السن | قطاع العمل | مركز الرياض للسياسات السلوكية السؤال: متى يكون إنهاء العقد؟ الإجابة: إذا كان العقد غير محدد المدة، جاز لأي من طرفيه إنهاؤه بناءً على سبب مشروع يجب بيانه بموجب إشعار يوجه إلى الطرف الآخر كتابةً قبل الإنهاء بمدة تحدد في العقد، على ألا تقل عن ستين يوماً إذا كان أجر العامل يدفع شهريًّا، ولا تقل عن ثلاثين يوماً بالنسبة إلى غيره. إذا كان الإشعار من جانب صاحب العمل، فيحق للعامل أن يتغيب خلال مهلة الإشعار يوماً كاملاً في الأسبوع أو ثماني ساعات أثناء الأسبوع، وذلك للبحث عن عمل آخر مع استحقاقه لأجر هذا اليوم أو ساعات الغياب. ويكون للعامل تحديد يوم الغياب وساعاته بشرط أن يُشعر صاحب العمل بذلك في اليوم السابق للغياب على الأقل. ولصاحب العمل أن يعفي العامل من العمل أثناء مهلة الإشعار مع احتساب مدة خدمته مستمرة إلى حين انتهاء تلك المهلة، والتزام صاحب العمل بما يترتب على ذلك من آثار وبخاصة استحقاق العامل أجره عن مهلة الإشعار. يحق للعامل أن يترك العمل دون إشعار مع احتفاظه بحقوقه النظامية كلها في حالات معينة. (بحسب ما نصت عليه المادة ""81"" من نظام العمل السعودي.) لا يجوز لصاحب العمل فسخ العقد دون مكافأة العامل، أو إشعاره، أو تعويضه؛ إلا في الحالات الآتية، وبشرط أن يتيح له الفرصة لكي يبدي أسباب معارضته للفسخ (بحسب ما نصت عليه المادة ""80"" من نظام العمل السعودي.) لا يجوز لصاحب العمل إنهاء خدمة العامل بسبب المرض قبل استنفاذ المدة المحددة للإجازة المنصوص عليها في المادة (117) من النظام، وللعامل الحق في طلب وصل إجازته المرضية بالسنوية.

---

Rank: 5 | Source type: faq | Score: 0.8933 | Chunk ID: STRUCT_000322 | Parent document ID: 7165c86d716212cae3d2a66e831f493050f36ea6823907e713599bc67ab6d46e | Article number: nan | Article title: nan
التصنيف: أعمال | العمالة المنزلية | عامل | كبار السن | قطاع العمل | مركز الرياض للسياسات السلوكية
القطاع: قطاع العمل
الموقع الفرعي: مركز الرياض للسياسات السلوكية
السؤال: متى ينتهي عقد العمل؟
النص المسترجع:
المصدر: HRSD FAQ التصنيف: أعمال | العمالة المنزلية | عامل | كبار السن | قطاع العمل | مركز الرياض للسياسات السلوكية السؤال: متى ينتهي عقد العمل؟ الإجابة: إذا اتفق الطرفان على إنهائه (شرط أن تكون موافقة العامل كتابية). إذا انتهت المدة المحددة في العقد، ما لم يكن العقد قد تجدد صراحة وفق أحكام هذا النظام؛ فيستمر إلى أجله. بناءً على إرادة أحد الطرفين في العقود غير المحددة المدة، وفقا ً لما ورد في المادة (الخامسة والسبعين) من هذا النظام. بلوغ العامل سن التقاعد وفق ما تقضي به أحكام نظام التأمينات الاجتماعية، ما لم يتفق الطرفان على الاستمرار في العمل بعد هذه السن. القوة القاهرة. إغلاق المنشاة نهائيا. إنهاء النشاط الذي يعمل فيه العامل إلا إذا اتفق الطرفان على الاستمرار في العمل أي حالة أخرى ينص عليها نظام آخر",structural,e5_large,hybrid_reranker,0.8
ما حكم الطلاق؟,False,0.7492,0.00782698206603527,legal_article,87.0,المادة السابعة والثمانون:,STRUCT_000088,e81fc46ef0386d25a0b0b5d6486ce54efae34fbc3f1e72e83650374c0378f816,chromadb+bm25+reranker,0.32051587104797363,Rank: 1 | Source type: legal_article | Score: 0.0078 | Chunk ID: STRUCT_000088 | Parent document ID: e81fc46ef0386d25a0b0b5d6486ce54efae34fbc3f1e72e83650374c0378f816 | Article number: 87.0 | Article title: المادة السابعة والثمانون: التصنيف القانوني: علاقات العمل الباب: علاقات العمل الفصل: الفصل الرابع رقم المادة: السابعة والثمانون عنوان المادة: المادة السابعة والثمانون: النص القانوني: الباب الخامس - علاقات العمل | الفصل الرابع | المادة 87 المصدر: نظام العمل السعودي الباب الخامس - علاقات العمل الفصل الرابع المادة السابعة والثمانون: رقم المادة: 87 حالة المادة: active النص: استثناءً مما ورد في المادة (الخامسة والثمانين) من هذا النظام تستحق المكافأة كاملة في حالة ترك العامل العمل نتيجة لقوة قاهرة خارجة عن إرادته ، كما تستحقها العاملة إذا أنهت العقد خلال ستة أشهر من تاريخ عقد زواجها أو ثلاثة أش...,"Rank: 1 | Source type: legal_article | Score: 0.0078 | Chunk ID: STRUCT_000088 | Parent document ID: e81fc46ef0386d25a0b0b5d6486ce54efae34fbc3f1e72e83650374c0378f816 | Article number: 87.0 | Article title: المادة السابعة والثمانون:
التصنيف القانوني: علاقات العمل
الباب: علاقات العمل
الفصل: الفصل الرابع
رقم المادة: السابعة والثمانون
عنوان المادة: المادة السابعة والثمانون:
النص القانوني:
الباب الخامس - علاقات العمل | الفصل الرابع | المادة 87 المصدر: نظام العمل السعودي الباب الخامس - علاقات العمل الفصل الرابع المادة السابعة والثمانون: رقم المادة: 87 حالة المادة: active النص: استثناءً مما ورد في المادة (الخامسة والثمانين) من هذا النظام تستحق المكافأة كاملة في حالة ترك العامل العمل نتيجة لقوة قاهرة خارجة عن إرادته ، كما تستحقها العاملة إذا أنهت العقد خلال ستة أشهر من تاريخ عقد زواجها أو ثلاثة أشهر من تاريخ وضعها.

---

Rank: 2 | Source type: legal_article | Score: 0.0060 | Chunk ID: STRUCT_000082 | Parent document ID: 93106f92e2e463b2afeee9b680ab418b16cc3907a7b7f1d8308274a5081c8839 | Article number: 81.0 | Article title: المادة الحادية والثمانون:
التصنيف القانوني: علاقات العمل
الباب: علاقات العمل
الفصل: الفصل الثالث
رقم المادة: الحادية والثمانون
عنوان المادة: المادة الحادية والثمانون:
النص القانوني:
الباب الخامس - علاقات العمل | الفصل الثالث | المادة 81 المصدر: نظام العمل السعودي الباب الخامس - علاقات العمل الفصل الثالث المادة الحادية والثمانون: رقم المادة: 81 حالة المادة: active النص: يحق للعامل أن يترك العمل دون إشعار ، مع احتفاظه بحقوقه النظامية كلها ، وذلك في أي من الحالات الآتية: إذا لم يقم صاحب العمل بالوفاء بالتزاماته العقدية أو النظامية الجوهرية إزاء العامل . إذا ثبت أن صاحب العمل أو من يمثله قد أدخل عليه الغش وقت التعاقد فيما يتعلق بشروط العمل وظروفه . إذا كلفه صاحب العمل دون رضاه بعمل يختلف جوهرياً عن العمل المتفق عليه ، وخلافاً لما تقرره المادة الستون من هذا النظام . إذا وقع من صاحب العمل أو من أحد أفراد أسرته ، أو من المدير المسئول اعتداء يتسم بالعنف ، أو سلوك مخل بالآداب نحو العامل أو أحد أفراد أسرته . إذا اتسمت معاملة صاحب العمل أو المدير المسئول بمظاهر من القسوة والجور أو الإهانة . إذا كان في مقر العمل خطر جسيم يهدد سلامة العامل أو صحته ، بشرط أن يكون صاحب العمل قد علم بوجوده ، ولم يتخذ من الإجراءات ما يدل على إزالته . إذا كان صاحب العمل أو من يمثله قد دفع العامل بتصرفاته وعلى الأخص بمعاملته الجائرة أو بمخالفته شروط العقد إلى أن يكون العامل في الظاهر هو الذي أنهى العقد .

---

Rank: 3 | Source type: legal_article | Score: 0.0051 | Chunk ID: STRUCT_000007 | Parent document ID: c91b6c3872f87c320cac960229321ad90710d58e53361f20475d343cc1d88d2d | Article number: 7.0 | Article title: المادة السابعة :
التصنيف القانوني: التعريفات / الأحكام العامة
الباب: التعريفات / الأحكام العامة
الفصل: الفصل الثاني
رقم المادة: السابعة
عنوان المادة: المادة السابعة :
النص القانوني:
الباب الأول - التعريفات / الأحكام العامة | الفصل الثاني | المادة 7 المصدر: نظام العمل السعودي الباب الأول - التعريفات / الأحكام العامة الفصل الثاني المادة السابعة : رقم المادة: 7 حالة المادة: active النص: 1- يستثنى من تطبيق أحكام هذا النظام كل من: أ‌- أفراد أسرة صاحب العمل، وهم زوجه وأصوله وفروعه الذين يعملون في المنشأة التي لا تضم سواهم. ب‌- لاعبو الأندية والاتحادات الرياضية ومدربوها. ج‌- العمالة المنزلية ومن في حكمهم. د‌- عمال الزراعة والرعاة الخاصون ومن في حكمهم. ه‌- العاملون غير السعوديين القادمون لأداء مهمة محددة ولمدة لا تزيد على شهرين. 2- يصدر الوزير -بالتنسيق مع الجهات المختصة- لائحة أو أكثر للفئات الواردة في الفقرات الفرعية (أ) و(ج) و(د) و(ه) من الفقرة (1) من هذه المادة؛ تشتمل على الحقوق والواجبات والأحكام الخاصة الأخرى ذات الصلة بكل فئة. واستثناء من حكم الفقرة (1) من هذه المادة؛ تطبَّق في شأن مخالفات أحكام تلك اللوائح العقوبات المنصوص عليها في المادة (التاسعة والعشرين بعد المائتين) من هذا النظام. 3- يُراعى أن تُضمَّن في اللوائح الصادرة في شأن الفئتين الواردتين في الفقرتين الفرعيتين (ج) و(د) من الفقرة (1) من هذه المادة الإجراءات والآليات التي تكفل تحسين أداء سوق العمالة للفئتين، وتنظيم حركة انتقالها، وتحديد المسؤوليات والواجبات التي تترتب على أصحاب العمل والمكاتب والشركات التي تقوم بالوساطة في التعاقد معها.

---

Rank: 4 | Source type: legal_article | Score: 0.0044 | Chunk ID: STRUCT_000081 | Parent document ID: 1b6eab8234c7882e95dd2d1aeb5b2f561e3c1fff20c3f73d3c76785fe09b13a8 | Article number: 80.0 | Article title: المادة الثمانون:
التصنيف القانوني: علاقات العمل
الباب: علاقات العمل
الفصل: الفصل الثالث
رقم المادة: الثمانون
عنوان المادة: المادة الثمانون:
النص القانوني:
الباب الخامس - علاقات العمل | الفصل الثالث | المادة 80 المصدر: نظام العمل السعودي الباب الخامس - علاقات العمل الفصل الثالث المادة الثمانون: رقم المادة: 80 حالة المادة: active النص: لا يجوز لصاحب العمل فسخ العقد دون مكافأة العامل ، أو إشعاره ، أو تعويضه ؛ إلا في الحالات الآتية ، وبشرط أن يتيح له الفرصة لكي يبدي أسباب معارضته للفسخ : إذا وقع من العامل اعتداء على صاحب العمل أو المدير المسئول أو أحد رؤسائه أو مرؤوسيه أثناء العمل أو بسببه. إذا لم يؤدِ العامل التزاماته الجوهرية المترتبة على عقد العمل أو لم يطع الأوامر المشروعة أو لم يراعِ عمداً التعليمات - التي أعلن عنها صاحب العمل في مكان ظاهر - الخاصة بسلامة العمل والعمال رغم إنذاره كتابة . إذا ثبت اتباع العامل سلوكاً سيئاً ، أو ارتكابه عملاً مخلاً بالشرف أو الأمانة . إذا وقع من العامل - عمداً - أيُّ فعلٍ أو تقصيرٍ يقصد به إلحاق خسارة مادية بصاحب العمل ، بشرط أن يبلغ صاحب العمل الجهات المختصة بالحادث خلال أربع وعشرين ساعة من وقت علمه بوقوعه . إذا ثبت أن العامل لجأ إلى التزوير ليحصل على العمل . إذا كان العامل معيناً تحت الاختبار . إذا تغيب العامل دون سبب مشروع أكثر من ثلاثين يوماً خلال السنة العقدية الواحدة أو أكثر من خمسة عشر يوماً متتالية ، على أن يسبق الفصل إنذار كتابي من صاحب العمل للعامل بعد غيابه عشرين يوماً في الحالة الأولى وانقطاعه عشرة أيام في الحالة الثانية . إذا ثبت أن العامل استغل مركزه الوظيفي بطريقة غير مشروعة للحصول على نتائج ومكاسب شخصية . إذا ثبت أن العامل أفشى الأسرار الصناعية أو التجارية الخاصة بالعمل الذي يعمل فيه .

---

Rank: 5 | Source type: legal_article | Score: 0.0042 | Chunk ID: STRUCT_000207 | Parent document ID: 12da9b99d91aacfed3e03b0cece24d065d0c131fc2b54b30e34d700179bffcb2 | Article number: 234.0 | Article title: المادة الرابعة والثلاثين بعد المائتين:
التصنيف القانوني: العقوبات
الباب: العقوبات
الفصل: nan
رقم المادة: الرابعة والثلاثين بعد المائتين
عنوان المادة: المادة الرابعة والثلاثين بعد المائتين:
النص القانوني:
الباب الخامس عشر - العقوبات | المادة 234 المصدر: نظام العمل السعودي الباب الخامس عشر - العقوبات المادة الرابعة والثلاثين بعد المائتين: رقم المادة: 234 حالة المادة: active النص: أ-لا تقبل أمام المحاكم العمالية أي دعوى تتعلق بالمطالبة بحق من الحقوق المنصوص عليها في هذا النظام أو الناشئة عن عقد العمل بعد مضي اثني عشر شهراً من تاريخ انتهاء علاقة العمل، ما لم يقدم المدعي عذراً تقبله المحكمة، أو يصدر من المدعى عليه إقرار بالحق. ب-تنظر الدعاوى العمالية على وجه الاستعجال.",structural,e5_large,hybrid_reranker,0.8
كم سعر العقار في الرياض؟,False,0.7492,0.00012059524306096137,faq,nan,nan,STRUCT_000254,682bb580f3adee84d64edf54c0b88d7cccf1715956e0a94b19c5e5609df66598,chromadb+bm25+reranker,0.3227062225341797,"Rank: 1 | Source type: faq | Score: 0.0001 | Chunk ID: STRUCT_000254 | Parent document ID: 682bb580f3adee84d64edf54c0b88d7cccf1715956e0a94b19c5e5609df66598 | Article number: nan | Article title: nan التصنيف: أصحاب عمل | أفراد | العمالة المنزلية | كبار السن | قطاع العمل | مركز الرياض للسياسات السلوكية القطاع: قطاع العمل الموقع الفرعي: مركز الرياض للسياسات السلوكية السؤال: ما هي الرسوم المطلوبة من المنشآت في برنامج ""مواءمة""؟ النص المسترجع: المصدر: HRSD FAQ التصنيف: أصحاب عمل | أفراد | العمالة المنزلية | كبار السن | قطاع العمل | مركز الرياض للسياسات السلوكية السؤال: ما هي الرسوم المطلوبة من المنشآت في برنامج ""مواءمة""؟ الإجابة: • رسوم التدريب الاختياري للمنشآت العملاقة والكبيرة: ٥٠٠٠ ريال (بدون ضريبة القيمة المضافة). • رسوم التدريب الاختياري للمنشآت المتوسطة: ٢٠٠٠ ريال (بدون ضريبة القيمة المضا...","Rank: 1 | Source type: faq | Score: 0.0001 | Chunk ID: STRUCT_000254 | Parent document ID: 682bb580f3adee84d64edf54c0b88d7cccf1715956e0a94b19c5e5609df66598 | Article number: nan | Article title: nan
التصنيف: أصحاب عمل | أفراد | العمالة المنزلية | كبار السن | قطاع العمل | مركز الرياض للسياسات السلوكية
القطاع: قطاع العمل
الموقع الفرعي: مركز الرياض للسياسات السلوكية
السؤال: ما هي الرسوم المطلوبة من المنشآت في برنامج ""مواءمة""؟
النص المسترجع:
المصدر: HRSD FAQ التصنيف: أصحاب عمل | أفراد | العمالة المنزلية | كبار السن | قطاع العمل | مركز الرياض للسياسات السلوكية السؤال: ما هي الرسوم المطلوبة من المنشآت في برنامج ""مواءمة""؟ الإجابة: • رسوم التدريب الاختياري للمنشآت العملاقة والكبيرة: ٥٠٠٠ ريال (بدون ضريبة القيمة المضافة). • رسوم التدريب الاختياري للمنشآت المتوسطة: ٢٠٠٠ ريال (بدون ضريبة القيمة المضافة). • رسوم إجراءات التدقيق للمنشآت الكبيرة: ٢٥،٠٠٠ ريال (بدون ضريبة القيمة المضافة). • رسوم إجراءات التدقيق للمنشآت المتوسطة: ١٠،٠٠٠ ريال (بدون ضريبة القيمة المضافة).

---

Rank: 2 | Source type: faq | Score: 0.0001 | Chunk ID: STRUCT_000306 | Parent document ID: a65300afa0093c095dbadf2df2226bc917b781707d5601473920ff6f4b58cfe3 | Article number: nan | Article title: nan
التصنيف: أعمال | العمالة المنزلية | عامل | كبار السن | قطاع العمل | مركز الرياض للسياسات السلوكية
القطاع: قطاع العمل
الموقع الفرعي: مركز الرياض للسياسات السلوكية
السؤال: ماذا لو تسبب العامل بأي تلفيات؟
النص المسترجع:
المصدر: HRSD FAQ التصنيف: أعمال | العمالة المنزلية | عامل | كبار السن | قطاع العمل | مركز الرياض للسياسات السلوكية السؤال: ماذا لو تسبب العامل بأي تلفيات؟ الإجابة: وفقاً لنص المادة (91) من نظام العمل السعودي: 1- إذا تسبب عامل في فقد أو إتلاف أو تدمير آلات أو منتجات يملكها صاحب العمل أو هي في عهدته وكان ذلك ناشئًا عن خطأ العامل أو مخالفته تعليمات صاحب العمل ولم يكن نتيجة لخطأ الغير أو ناشئًا عن قوة قاهرة، فلصاحب العمل أن يقتطع من أجر العامل المبلغ اللازم للإصلاح أو لإعادة الوضع إلى ما كان عليه على ألا يزيد ما يقتطع لهذا الغرض على أجر خمسة أيام في كل شهر ، ولصاحب العمل الحق في التظلم عند الاقتضاء، وذلك بطلب ما هو أكثر من ذلك إذا كان للعامل مال آخر يمكن الاستيفاء منه، وللعامل أن يتظلم مما نسب إليه أو من تقدير صاحب العمل للتعويض أمام هيئة تسوية الخلافات العمالية، فإذا حكمت بعدم أحقية صاحب العمل في الرجوع على العامل بما اقتطعه منه أو حكمت بأقل منه وجب على صاحب العمل أن يرد إلى العامل ما اقتطع منه دون وجه حق خلال سبعة أيام من تاريخ صدور الحكم. 2 - يكون تظلم أي من الطرفين خلال خمسة عشر يوم عمل، وإلا سقط الحق فيه، ويبدأ موعد التظلم بالنسبة إلى صاحب العمل من تاريخ اكتشاف الواقعة، وبالنسبة إلى العامل من تاريخ إبلاغ صاحب العمل له بذلك. لا يجوز حسم أي مبلغ من أجور العامل لقاء حقوق خاصة دون موافقة خطية منه، إلا في الحالات الآتية: 1 - استرداد قروض صاحب العمل، بشرط ألا يزيد ما يحسم من العامل في هذه الحالة على 10% من أجره. 2 - اشتراكات التأمينات الاجتماعية، وأي اشتراكات أخرى مستحقة على العامل ومقررة نظامًا. 3 - اشتراكات العامل في صندوق الادخار والقروض المستحقة للصندوق. 4 - أقساط أي مشروع يقوم به صاحب العمل لبناء المساكن بقصد تمليكها للعمال أو أي مزية أخرى. 5 - الغرامات التي توقع على العامل بسبب المخالفات التي يرتكبها، وكذلك المبلغ الذي يقتطع منه مقابل ما أتلفه. 6 - استيفاء دين إنفاذًا لأي حكم قضائي، على ألَّا يزيد ما يحسم شهريًّا لقاء ذلك على ربع الأجر المستحق للعامل ما لم يتضمن الحكم خلاف ذلك.

---

Rank: 3 | Source type: faq | Score: 0.0001 | Chunk ID: STRUCT_000358 | Parent document ID: a8a22e4c8e30110d9181da2150c14a45cf885b244fc6c41cac951ddc185286cf | Article number: nan | Article title: nan
التصنيف: أفراد | العمالة المنزلية | كبار السن | | مركز الرياض للسياسات السلوكية
القطاع: nan
الموقع الفرعي: مركز الرياض للسياسات السلوكية
السؤال: هل تبحث عن عمل أو تأهيل لسوق العمل؟
النص المسترجع:
المصدر: HRSD FAQ التصنيف: أفراد | العمالة المنزلية | كبار السن | | مركز الرياض للسياسات السلوكية السؤال: هل تبحث عن عمل أو تأهيل لسوق العمل؟ الإجابة: 1. يتم من خلال منصة العمل عن بعد إجراءات التعاقد بين المنشأة والباحث عن عمل عن بعد من خلال الخدمات التي تقدمها الوزارة أدناه: a. انشاء السيرة الذاتية للباحث عن عمل من خلال خدمة بناء السيرة الذاتية b.تقديم طلب وظيفة من خلال استعراض الباحث على الوظائف المعروضة في المنصة من خلال خدمة بحث عن الوظائف وتحديد الوظيفة و اختيار التقديم عليها 2. يتم من خلال منصة العمل المرن إجراءات التعاقد بين المنشأة والباحث عن عمل مرن خلال الخدمات التي تقدمها الوزارة أدناه: a. يتم الاطلاع على العقد وتفاصيله والموافقة او الرفض على العقد من قبل الباحث و ذلك من خلال خدمة الموافقة على العقد 3.يتم من خلال منصة العمل الحر إصدار وثائق العمل الحر لممارسي العمل الحر وتوفير مزايا وخدمات ومحفزات من خلال الخدمات التي تقدمها الوزارة ادناه : a. تقديم طلب إصدار وثيقة عمل حر من خلال خدمة إصدار وثيقة العمل الحر b. تقديم طلب تجديد وثيقة العمل الحر عند انتهاء صلاحيتها من خلال خدمة تجديد وثيقة العمل الحر 4. كما يمكن للمواطنين السعوديين من خلال منصة جدارة تسجيل بياناتهم الشخصية ومؤهلاتهم وخبراتهم العملية و إرفاق الوثائق اللازمة بالإضافة إلى توفير خدمة التقديم الإلكتروني على الوظائف الشاغرة التي يتم طرحها و الإعلان عنها من قِبل الجهات الحكومية 5. يمكن لطالبي العمل للوظائف المساندة (وظائف المستخدمين وبند الأجور) من تسجيل البيانات الشخصية،وذلك بغرض إتاحة معلوماتهم للمختصين من خلال منصة ساعد

---

Rank: 4 | Source type: faq | Score: 0.0000 | Chunk ID: STRUCT_000232 | Parent document ID: 0ee71973182e21717704ec3cd26cf16777fb7be89a901a6e1997bcbba0e8a634 | Article number: nan | Article title: nan
التصنيف: أصحاب عمل | أفراد | الجهات الحكومية | العمالة المنزلية | امرأة | شباب | كبار السن | مستفيدي الضمان | قطاع التنمية الاجتماعية | قطاع الخدمة المدنية (العام) | قطاع العمل | مركز الرياض للسياسات السلوكية
القطاع: قطاع التنمية الاجتماعية | قطاع الخدمة المدنية (العام) | قطاع العمل
الموقع الفرعي: مركز الرياض للسياسات السلوكية
السؤال: ما هي أهمية تطبيق وزارة الموارد البشرية والتنمية الاجتماعية للأفراد؟
النص المسترجع:
المصدر: HRSD FAQ التصنيف: أصحاب عمل | أفراد | الجهات الحكومية | العمالة المنزلية | امرأة | شباب | كبار السن | مستفيدي الضمان | قطاع التنمية الاجتماعية | قطاع الخدمة المدنية (العام) | قطاع العمل | مركز الرياض للسياسات السلوكية السؤال: ما هي أهمية تطبيق وزارة الموارد البشرية والتنمية الاجتماعية للأفراد؟ الإجابة: الوصول إلى الخدمات خدمات الموارد البشرية والتنمية الاجتماعية في متناول يديك تجربة تتمحور حول المستفيد إظهار الخدمات ذات العلاقة بالمستفيد متابعة طلباتك استعرض تفاصيل طلباتك واحصل على إشعارات بآخر التحديثات تواصل مع الوزارة عبر عن أفكارك تواصل معنا لنتمكن من مساعدتك من خلال بلاغات العنف الأسري ومركز الاتصال تحقق من بياناتك في مكان واحد التحقق من الهوية الرقمية بالتكامل مع النفاذ الوطني الموحد استعرض بياناتك الشخصية وتاريخك الوظيفي تمكن من الوصول إلى بطاقاتك الرقمية والمتوفرة لأول مرة لذوي الاحتياجات الخاصة للاستفادة منها في التسهيلات المرورية والخصومات في السفر والأولوية في المراكز الصحية الشمولية تلبية احتياجات جميع المستفيدين بما يتواءم مع مختلف الفئات العمرية وذوي الاحتياجات الخاصة

---

Rank: 5 | Source type: faq | Score: 0.0000 | Chunk ID: STRUCT_000356 | Parent document ID: c2f5ec9f530b9b0a4fe988a3bb659b66f6150627815e264eb336c9214c6c95cd | Article number: nan | Article title: nan
التصنيف: أصحاب عمل | أفراد | العمالة المنزلية | كبار السن | قطاع العمل | مركز الرياض للسياسات السلوكية
القطاع: قطاع العمل
الموقع الفرعي: مركز الرياض للسياسات السلوكية
السؤال: ماذا يقصد ببرنامج نطاقات المطور؟
النص المسترجع:
المصدر: HRSD FAQ التصنيف: أصحاب عمل | أفراد | العمالة المنزلية | كبار السن | قطاع العمل | مركز الرياض للسياسات السلوكية السؤال: ماذا يقصد ببرنامج نطاقات المطور؟ الإجابة: انطلاقًا من المسؤولية المشتركة بين الجهات الحكومية المعنية ومنشآت القطاع الخاص للمساهمة بتقليص نسب البطالة تحقيقًا لرؤية المملكة، وانطلاقًا من مبدأ التشاركية والشفافية مع القطاع الخاص وحرص الوزارة لتحسين مستوى استقرار منشآت القطاع الخاص وخططها المستقبلية، تم عمل عدد من التحسينات في النسخة الجديدة المطورة من نطاقات لتمكين جميع المنشآت من معرفة نسب التوطين المطلوبة منها للسنوات الثلاث القادمة، ولتحقيق ذلك نوجز أهم التحسينات بما يلي: تقليص عدد مجموعات نطاقات للأنشطة الاقتصادية لتصبح (32) نشاطًا بدلًا من (85) نشاطًا استبدال النسب المبنية على أحجام محددة وثابتة للمنشآت بمعادلة رياضية تراعي الانسيابية في ارتفاع نسب التوطين المطلوبة وفقًا للزيادة في عدد العاملين في المنشأة. تطوير آلة حاسبة مخصصة للتسهيل على كل منشأة معرفة نسب التوطين المطلوبة منها تحديدًا حسب خصائصها وحسب معايير خططها المستقبلية التي تحددها تلك المنشأة لنفسها",structural,e5_large,hybrid_reranker,0.8
ما أفضل سيارة عائلية؟,False,0.7492,4.773710679728538e-05,faq,nan,nan,STRUCT_000297,7b4ae6adbf5de7da912bdd2d0b77c489e377ae8bd6891290e4bdb280b3bf1de7,chromadb+bm25+reranker,0.2971165180206299,Rank: 1 | Source type: faq | Score: 0.0000 | Chunk ID: STRUCT_000297 | Parent document ID: 7b4ae6adbf5de7da912bdd2d0b77c489e377ae8bd6891290e4bdb280b3bf1de7 | Article number: nan | Article title: nan التصنيف: أعمال | العمالة المنزلية | عامل | كبار السن | قطاع العمل | مركز الرياض للسياسات السلوكية القطاع: قطاع العمل الموقع الفرعي: مركز الرياض للسياسات السلوكية السؤال: ماهي الأجور؟ النص المسترجع: المصدر: HRSD FAQ التصنيف: أعمال | العمالة المنزلية | عامل | كبار السن | قطاع العمل | مركز الرياض للسياسات السلوكية السؤال: ماهي الأجور؟ الإجابة: الأجر الأساسي: كل ما يعطى للعامل مقابل عمله، بموجب عقد عمل مكتوب أو غير مكتوب، مهما كان نوع الأجر أو طريقة أدائه، مضافًا إليه العلاوات الدورية. الأجر الفعلي: الأجر الأساسي مضافًا إليه سائر الزيادات المستحقة الأخرى التي تتقرر للعامل مقابل جهد بذله في العمل، أ...,"Rank: 1 | Source type: faq | Score: 0.0000 | Chunk ID: STRUCT_000297 | Parent document ID: 7b4ae6adbf5de7da912bdd2d0b77c489e377ae8bd6891290e4bdb280b3bf1de7 | Article number: nan | Article title: nan
التصنيف: أعمال | العمالة المنزلية | عامل | كبار السن | قطاع العمل | مركز الرياض للسياسات السلوكية
القطاع: قطاع العمل
الموقع الفرعي: مركز الرياض للسياسات السلوكية
السؤال: ماهي الأجور؟
النص المسترجع:
المصدر: HRSD FAQ التصنيف: أعمال | العمالة المنزلية | عامل | كبار السن | قطاع العمل | مركز الرياض للسياسات السلوكية السؤال: ماهي الأجور؟ الإجابة: الأجر الأساسي: كل ما يعطى للعامل مقابل عمله، بموجب عقد عمل مكتوب أو غير مكتوب، مهما كان نوع الأجر أو طريقة أدائه، مضافًا إليه العلاوات الدورية. الأجر الفعلي: الأجر الأساسي مضافًا إليه سائر الزيادات المستحقة الأخرى التي تتقرر للعامل مقابل جهد بذله في العمل، أو مخاطر يتعرض لها في أداء عمله، أو التي تتقرر للعامل لقاء العمل بموجب عقد العمل أو لائحة تنظيم العمل. ومن ذلك: العمولة، أو النسبة المئوية من المبيعات، أو النسبة المئوية من الأرباح، التي تدفع مقابل ما يقوم بتسويقه، أو إنتاجه، أو تحصيله، أو ما يحققه من زيادة الإنتاج أو تحسينه. البدلات التي يستحقها العامل لقاء طاقة يبذلها، أو مخاطر يتعرض لها في أداء عمله. الزيادات التي قد تمنح وفقًا لمستوى المعيشة، أو لمواجهة أعباء العائلة. المنحة أو المكافأة: هي التي يعطيها صاحب العمل للعامل، وما يصرف له جزاء أمانته، أو كفايته، وما شابه ذلك، إذا كانت هذه المنحة أو المكافأة مقررة في عقد العمل، أو لائحة تنظيم العمل للمنشأة، أو جرت العادة بمنحها، حتى أصبح العمال يعدونها جزءًا من الأجر لا تبرعًا. الميزات العينية: هي التي يلتزم صاحب العمل بتوفيرها للعامل مقابل عمله، بالنص عليها في عقد العمل أو في لائحة تنظيم العمل. وتقدر بحد أقصى يعادل الأجر الأساسي لمدة شهرين عن كل سنة، ما لم تقدر في عقد العمل أو لائحة تنظيم العمل بما يزيد على ذلك.

---

Rank: 2 | Source type: faq | Score: 0.0000 | Chunk ID: STRUCT_000232 | Parent document ID: 0ee71973182e21717704ec3cd26cf16777fb7be89a901a6e1997bcbba0e8a634 | Article number: nan | Article title: nan
التصنيف: أصحاب عمل | أفراد | الجهات الحكومية | العمالة المنزلية | امرأة | شباب | كبار السن | مستفيدي الضمان | قطاع التنمية الاجتماعية | قطاع الخدمة المدنية (العام) | قطاع العمل | مركز الرياض للسياسات السلوكية
القطاع: قطاع التنمية الاجتماعية | قطاع الخدمة المدنية (العام) | قطاع العمل
الموقع الفرعي: مركز الرياض للسياسات السلوكية
السؤال: ما هي أهمية تطبيق وزارة الموارد البشرية والتنمية الاجتماعية للأفراد؟
النص المسترجع:
المصدر: HRSD FAQ التصنيف: أصحاب عمل | أفراد | الجهات الحكومية | العمالة المنزلية | امرأة | شباب | كبار السن | مستفيدي الضمان | قطاع التنمية الاجتماعية | قطاع الخدمة المدنية (العام) | قطاع العمل | مركز الرياض للسياسات السلوكية السؤال: ما هي أهمية تطبيق وزارة الموارد البشرية والتنمية الاجتماعية للأفراد؟ الإجابة: الوصول إلى الخدمات خدمات الموارد البشرية والتنمية الاجتماعية في متناول يديك تجربة تتمحور حول المستفيد إظهار الخدمات ذات العلاقة بالمستفيد متابعة طلباتك استعرض تفاصيل طلباتك واحصل على إشعارات بآخر التحديثات تواصل مع الوزارة عبر عن أفكارك تواصل معنا لنتمكن من مساعدتك من خلال بلاغات العنف الأسري ومركز الاتصال تحقق من بياناتك في مكان واحد التحقق من الهوية الرقمية بالتكامل مع النفاذ الوطني الموحد استعرض بياناتك الشخصية وتاريخك الوظيفي تمكن من الوصول إلى بطاقاتك الرقمية والمتوفرة لأول مرة لذوي الاحتياجات الخاصة للاستفادة منها في التسهيلات المرورية والخصومات في السفر والأولوية في المراكز الصحية الشمولية تلبية احتياجات جميع المستفيدين بما يتواءم مع مختلف الفئات العمرية وذوي الاحتياجات الخاصة

---

Rank: 3 | Source type: legal_article | Score: 0.0000 | Chunk ID: STRUCT_000148 | Parent document ID: afaabe48f70759b62542027fcfe9be0307c0f0fc46caa7a2a71149a5a5966f7b | Article number: 146.0 | Article title: المادة السادسة والأربعون بعد المائة:
التصنيف القانوني: الوقاية من مخاطر العمل والوقاية من الحوادث الصناعية الكبرى وإصابات العمل والخدمات الصحية والاجتماعية
الباب: الوقاية من مخاطر العمل والوقاية من الحوادث الصناعية الكبرى وإصابات العمل والخدمات الصحية والاجتماعية
الفصل: الفصل الرابع
رقم المادة: السادسة والأربعون بعد المائة
عنوان المادة: المادة السادسة والأربعون بعد المائة:
النص القانوني:
الباب الثامن - الوقاية من مخاطر العمل والوقاية من الحوادث الصناعية الكبرى وإصابات العمل والخدمات الصحية والاجتماعية | الفصل الرابع | المادة 146 المصدر: نظام العمل السعودي الباب الثامن - الوقاية من مخاطر العمل والوقاية من الحوادث الصناعية الكبرى وإصابات العمل والخدمات الصحية والاجتماعية الفصل الرابع المادة السادسة والأربعون بعد المائة: رقم المادة: 146 حالة المادة: active النص: يلزم صاحب العمل وعلى نفقته بالنسبة لمن يؤدي عملاً في الأماكن البعيدة عن العمران بكل ما يأتي أو بعضه وفقاً لما يحدده الوزير : توفير حوانيت لبيع الطعام والملابس وغير ذلك من الحاجات الضرورية بأسعار معتدلة ، وذلك في مناطق العمل التي لا تتوافر فيها عادة تلك الحوانيت . توفير وسائل ترفيه وتثقيف مناسبة وملاعب رياضية ملحقة بأماكن العمل . إجراء ما يلزم من الترتيبات الطبية المناسبة للمحافظة على صحة العمال وعلاج أسرهم علاجاً شاملاً . (ويقصد بالأسرة : الزوج والأولاد والأم والأب المقيمون معه). توفير مدارس لتعليم أولاد العمال إذا لم يتوافر في المنطقة مدارس كافية . إعداد مساجد أو مصليات في أماكن العمل . إعداد برامج لمحو الأمية بين العمال . وتحدد اللائحة الأماكن البعيدة عن العمران .

---

Rank: 4 | Source type: faq | Score: 0.0000 | Chunk ID: STRUCT_000424 | Parent document ID: a4e37ac3c051479b40c79d3e2df3219718a8dbec5b182a1f0ae1487b87478c3c | Article number: nan | Article title: nan
التصنيف: أفراد | العمالة المنزلية | كبار السن | قطاع الخدمة المدنية (العام) | مركز الرياض للسياسات السلوكية
القطاع: قطاع الخدمة المدنية (العام)
الموقع الفرعي: مركز الرياض للسياسات السلوكية
السؤال: ما هي الأسس التي يتم الأخذ بها عند الترقية بالمفاضلة للمعينين على لائحة بند الأجور؟
النص المسترجع:
المصدر: HRSD FAQ التصنيف: أفراد | العمالة المنزلية | كبار السن | قطاع الخدمة المدنية (العام) | مركز الرياض للسياسات السلوكية السؤال: ما هي الأسس التي يتم الأخذ بها عند الترقية بالمفاضلة للمعينين على لائحة بند الأجور؟ الإجابة: نص عجز المادة 7 من لائحة المعينين على بند الأجور على أن تكون الترقية على أساس الأقدمية والكفاءة فإن تساوى اثنان أو أكثر في الأقدمية قدّم من لديه مستوى دراسي أعلى، وعليه فإن الأقدمية هي الأساس في ترقية العمال ثم المستوى الدراسي، أما الكفاءة فيجب توفرها كعنصر لازم للترقية.

---

Rank: 5 | Source type: faq | Score: 0.0000 | Chunk ID: STRUCT_000280 | Parent document ID: 55d737f053a451b815f4044e6a78d2c032ce8c42b65ee3a20a016f729275f20f | Article number: nan | Article title: nan
التصنيف: أعمال | العمالة المنزلية | عامل | كبار السن | قطاع العمل | مركز الرياض للسياسات السلوكية
القطاع: قطاع العمل
الموقع الفرعي: مركز الرياض للسياسات السلوكية
السؤال: ما هو برنامج نطاقات؟ وكيف يحسن بيئة العمل للسعوديين؟
النص المسترجع:
المصدر: HRSD FAQ التصنيف: أعمال | العمالة المنزلية | عامل | كبار السن | قطاع العمل | مركز الرياض للسياسات السلوكية السؤال: ما هو برنامج نطاقات؟ وكيف يحسن بيئة العمل للسعوديين؟ الإجابة: يأتي برنامج نطاقات كمعيار جديد لتحفيز المنشآت على توطين الوظائف، تقوم الوزارة مستخدمةً آلية حساب التوطين بتصنيف الكيانات داخل كل فئة شريحة النشاط والحجم إلى درجات متفاوتة في التوطين بحيث يتم تصنيف كل كيان مقارنةً بمعدل أداء الكيانات الأخرى في نفس الفئة، وبناء عليه سيتم تصنيف كل فئة إلى أربع نطاقات أحمر، أصفر، أخضر، ممتاز، والأخضر ينقسم إلى ثلاث مجموعات أخضر منخفض أخضر متوسط أخضر مرتفع بحيث تكون الكيانات الأقل نسبة في التوطين في النطاق الأحمر وتصنف الكيانات الأعلى توطيناً في النطاقين الأخضر المرتفع والممتاز تقوم الوزارة من خلال جداول ضوابط الخدمات بتقديم عدد من التسهيلات والحوافز للكيانات بناء عل النطاق الذي يقع فيه الكيان حيث ستقوم الوزارة بإطلاق مجموعة من التسهيلات والحوافز دورياً وبشكل ربع سنوي تشجيعاً للكيانات المتعاونة في التوطين. يوفر نطاقات بيئة عمل مناسبة للأيدي العاملة السعودية، ويمنحها فرصة الاستمرار والاستقرار لفترات أطول في العمل، من خلال اشتراط تسجيل الأيدي العاملة السعودية في التأمينات الاجتماعية حتى تحتسب في نسب التوطين للمنشاة.",structural,e5_large,hybrid_reranker,0.8
